id,title,magnitude,date-time,date-label,latitude,longitude,depth,region,url-usgs
us7000lvj9,"M 4.6 - 97 km S of La Libertad, El Salvador",4.6,2024-01-31 23:43:17.478,31-01-2024 23:43,12.6093,-89.2963,45.259,El Salvador,https://earthquake.usgs.gov/earthquakes/eventpage/us7000lvj9
us7000lviq,"M 4.2 - 18 km NNW of Anamizu, Japan",4.2,2024-01-31 23:07:12.081,31-01-2024 23:07,37.3723,136.7898,8.748,Japan,https://earthquake.usgs.gov/earthquakes/eventpage/us7000lviq
us7000lx42,M 4.4 - northern Mid-Atlantic Ridge,4.4,2024-01-31 22:51:52.816,31-01-2024 22:51,33.1068,-39.3618,10.0,northern Mid-Atlantic Ridge,https://earthquake.usgs.gov/earthquakes/eventpage/us7000lx42
us7000lx41,"M 4.5 - 51 km SSE of Finschhafen, Papua New Guinea",4.5,2024-01-31 22:28:56.022,31-01-2024 22:28,-6.9643,148.0811,28.439,Papua New Guinea,https://earthquake.usgs.gov/earthquakes/eventpage/us7000lx41
us7000lx43,M 4.3 - southeast of the Loyalty Islands,4.3,2024-01-31 22:04:24.814,31-01-2024 22:04,-23.1189,172.3308,10.0,southeast of the Loyalty Islands,https://earthquake.usgs.gov/earthquakes/eventpage/us7000lx43
us7000lvhs,"M 4.5 - 78 km WNW of El Aguilar, Argentina",4.5,2024-01-31 21:38:28.230,31-01-2024 21:38,-23.0039,-66.4105,228.041,Argentina,https://earthquake.usgs.gov/earthquakes/eventpage/us7000lvhs
us7000lx45,"M 4.4 - 265 km NE of Fais, Micronesia",4.4,2024-01-31 21:14:42.224,31-01-2024 21:14,11.5127,142.188,10.0,Micronesia,https://earthquake.usgs.gov/earthquakes/eventpage/us7000lx45
us7000lvgg,"M 4.8 - 18 km WNW of Abra de Ilog, Philippines",4.8,2024-01-31 20:46:48.797,31-01-2024 20:46,13.5357,120.586,77.66,Philippines,https://earthquake.usgs.gov/earthquakes/eventpage/us7000lvgg
us7000lvfw,M 4.4 - south of the Fiji Islands,4.4,2024-01-31 20:17:20.246,31-01-2024 20:17,-24.4551,179.9603,511.635,south of the Fiji Islands,https://earthquake.usgs.gov/earthquakes/eventpage/us7000lvfw
us7000lvfc,"M 4.2 - 189 km NNE of Tual, Indonesia",4.2,2024-01-31 19:59:50.929,31-01-2024 19:59,-4.1206,133.5695,8.195,Indonesia,https://earthquake.usgs.gov/earthquakes/eventpage/us7000lvfc
us7000lvfa,M 4.7 - Kermadec Islands region,4.7,2024-01-31 19:25:25.839,31-01-2024 19:25,-31.756,-178.3652,38.418,Kermadec Islands region,https://earthquake.usgs.gov/earthquakes/eventpage/us7000lvfa
us7000lven,"M 4.1 - 124 km WNW of Aykol, China",4.1,2024-01-31 19:21:27.249,31-01-2024 19:21,41.3442,78.7416,10.0,China,https://earthquake.usgs.gov/earthquakes/eventpage/us7000lven
us7000lx3y,"M 4.4 - 231 km SE of Sarangani, Philippines",4.4,2024-01-31 18:31:25.823,31-01-2024 18:31,3.685,126.6546,52.416,Philippines,https://earthquake.usgs.gov/earthquakes/eventpage/us7000lx3y
us7000lx3x,"M 4.2 - 97 km S of San Jose Village, Northern Mariana Islands",4.2,2024-01-31 17:05:58.022,31-01-2024 17:05,14.0989,145.7377,95.793,Northern Mariana Islands,https://earthquake.usgs.gov/earthquakes/eventpage/us7000lx3x
us7000lx3w,"M 4.4 - 153 km SSE of Pondaguitan, Philippines",4.4,2024-01-31 16:13:58.346,31-01-2024 16:13,5.1901,126.9205,97.033,Philippines,https://earthquake.usgs.gov/earthquakes/eventpage/us7000lx3w
us7000lx3t,M 4.4 - south of the Fiji Islands,4.4,2024-01-31 16:04:28.334,31-01-2024 16:04,-23.6474,-179.8215,510.172,south of the Fiji Islands,https://earthquake.usgs.gov/earthquakes/eventpage/us7000lx3t
us7000lv9v,M 4.4 - south of the Fiji Islands,4.4,2024-01-31 14:54:19.769,31-01-2024 14:54,-23.7512,-179.8928,507.548,south of the Fiji Islands,https://earthquake.usgs.gov/earthquakes/eventpage/us7000lv9v
us7000lv82,"M 4.7 - 252 km ESE of Tadine, New Caledonia",4.7,2024-01-31 11:12:23.561,31-01-2024 11:12,-22.0496,170.2664,25.8,New Caledonia,https://earthquake.usgs.gov/earthquakes/eventpage/us7000lv82
us7000lv7d,"M 5.8 - 264 km SW of Houma, Tonga",5.8,2024-01-31 10:49:35.461,31-01-2024 10:49,-22.8357,-177.1449,176.0,Tonga,https://earthquake.usgs.gov/earthquakes/eventpage/us7000lv7d
us7000lv78,"M 4.8 - 163 km SW of Merizo Village, Guam",4.8,2024-01-31 10:05:04.404,31-01-2024 10:05,12.2378,143.5884,34.731,Guam,https://earthquake.usgs.gov/earthquakes/eventpage/us7000lv78
us7000lvhx,"M 4.0 - 288 km W of Adak, Alaska",4.0,2024-01-31 09:25:28.213,31-01-2024 09:25,51.4472,179.2575,31.5,Alaska,https://earthquake.usgs.gov/earthquakes/eventpage/us7000lvhx
us7000lx3k,"M 4.2 - 227 km ENE of Levuka, Fiji",4.2,2024-01-31 07:29:08.346,31-01-2024 07:29,-17.6267,-178.5873,547.824,Fiji,https://earthquake.usgs.gov/earthquakes/eventpage/us7000lx3k
us7000lx3l,"M 4.4 - 86 km ESE of Hasaki, Japan",4.4,2024-01-31 07:24:33.905,31-01-2024 07:24,35.4007,141.6921,24.501,Japan,https://earthquake.usgs.gov/earthquakes/eventpage/us7000lx3l
us7000lv6l,"M 4.4 - 91 km S of Amahai, Indonesia",4.4,2024-01-31 06:35:30.542,31-01-2024 06:35,-4.15,129.0769,143.141,Indonesia,https://earthquake.usgs.gov/earthquakes/eventpage/us7000lv6l
us7000lv6j,M 4.4 - West Chile Rise,4.4,2024-01-31 05:53:41.142,31-01-2024 05:53,-36.5151,-97.3917,10.0,West Chile Rise,https://earthquake.usgs.gov/earthquakes/eventpage/us7000lv6j
us7000lv6b,"M 4.1 - 117 km WNW of Aykol, China",4.1,2024-01-31 05:13:03.094,31-01-2024 05:13,41.3376,78.8286,4.018,China,https://earthquake.usgs.gov/earthquakes/eventpage/us7000lv6b
us7000lv65,"M 4.6 - 97 km NNE of Hihifo, Tonga",4.6,2024-01-31 04:35:38.478,31-01-2024 04:35,-15.0916,-173.5986,10.0,Tonga,https://earthquake.usgs.gov/earthquakes/eventpage/us7000lv65
us7000lv62,"M 4.6 - 80 km SSW of La Tirana, Chile",4.6,2024-01-31 04:25:26.609,31-01-2024 04:25,-20.9376,-70.4645,61.666,Chile,https://earthquake.usgs.gov/earthquakes/eventpage/us7000lv62
us7000lv61,"M 4.1 - 61 km E of Ollagüe, Chile",4.1,2024-01-31 04:25:00.973,31-01-2024 04:25,-21.2467,-67.658,227.965,Chile,https://earthquake.usgs.gov/earthquakes/eventpage/us7000lv61
us7000lx3h,"M 4.4 - Izu Islands, Japan region",4.4,2024-01-31 04:14:46.709,31-01-2024 04:14,29.0503,141.4049,50.902,Japan region,https://earthquake.usgs.gov/earthquakes/eventpage/us7000lx3h
us7000lx3f,"M 4.1 - 147 km ESE of Severo-Kuril’sk, Russia",4.1,2024-01-31 03:35:26.063,31-01-2024 03:35,50.0318,157.9431,10.0,Russia,https://earthquake.usgs.gov/earthquakes/eventpage/us7000lx3f
us7000lx3e,"M 4.1 - 70 km SSW of Buala, Solomon Islands",4.1,2024-01-31 03:29:33.255,31-01-2024 03:29,-8.7093,159.2878,112.382,Solomon Islands,https://earthquake.usgs.gov/earthquakes/eventpage/us7000lx3e
us7000lx3g,"M 4.5 - Volcano Islands, Japan region",4.5,2024-01-31 03:21:34.096,31-01-2024 03:21,24.4263,142.0562,10.0,Japan region,https://earthquake.usgs.gov/earthquakes/eventpage/us7000lx3g
us7000lx3d,M 4.5 - northern Mid-Atlantic Ridge,4.5,2024-01-31 02:45:46.283,31-01-2024 02:45,11.543,-43.748,10.0,northern Mid-Atlantic Ridge,https://earthquake.usgs.gov/earthquakes/eventpage/us7000lx3d
us7000lv5j,M 4.9 - northern Mid-Atlantic Ridge,4.9,2024-01-31 02:29:18.926,31-01-2024 02:29,11.5363,-43.7162,10.0,northern Mid-Atlantic Ridge,https://earthquake.usgs.gov/earthquakes/eventpage/us7000lv5j
us7000lx3m,M 4.2 - northern Mid-Atlantic Ridge,4.2,2024-01-31 02:28:11.437,31-01-2024 02:28,11.5659,-43.7373,10.0,northern Mid-Atlantic Ridge,https://earthquake.usgs.gov/earthquakes/eventpage/us7000lx3m
us7000lv59,"M 4.6 - 10 km NW of Ccolo, Peru",4.6,2024-01-31 01:11:41.436,31-01-2024 01:11,-15.427,-71.5473,144.891,Peru,https://earthquake.usgs.gov/earthquakes/eventpage/us7000lv59
us7000lv57,"M 4.5 - 42 km S of La Placita de Morelos, Mexico",4.5,2024-01-31 01:00:55.739,31-01-2024 01:00,18.1491,-103.6021,10.0,Mexico,https://earthquake.usgs.gov/earthquakes/eventpage/us7000lv57
us7000lx3b,"M 4.4 - 6 km WSW of Methóni, Greece",4.4,2024-01-31 00:12:57.872,31-01-2024 00:12,36.7855,21.6395,36.629,Greece,https://earthquake.usgs.gov/earthquakes/eventpage/us7000lx3b
us7000lwfz,"M 4.2 - 94 km S of La Libertad, El Salvador",4.2,2024-01-30 23:41:40.229,30-01-2024 23:41,12.6353,-89.2879,35.0,El Salvador,https://earthquake.usgs.gov/earthquakes/eventpage/us7000lwfz
us7000lwg0,M 4.0 - Mariana Islands region,4.0,2024-01-30 23:27:37.622,30-01-2024 23:27,21.4423,143.1939,301.559,Mariana Islands region,https://earthquake.usgs.gov/earthquakes/eventpage/us7000lwg0
us7000lwfx,M 4.2 - southeast of the Loyalty Islands,4.2,2024-01-30 23:09:26.993,30-01-2024 23:09,-22.7537,170.5046,10.0,southeast of the Loyalty Islands,https://earthquake.usgs.gov/earthquakes/eventpage/us7000lwfx
us7000lwfv,"M 4.2 - 173 km SSE of Amahai, Indonesia",4.2,2024-01-30 22:14:55.407,30-01-2024 22:14,-4.7632,129.579,193.733,Indonesia,https://earthquake.usgs.gov/earthquakes/eventpage/us7000lwfv
us7000lwfu,"M 4.4 - 30 km WSW of San Nicolas, Philippines",4.4,2024-01-30 21:23:56.319,30-01-2024 21:23,14.8889,119.8021,55.099,Philippines,https://earthquake.usgs.gov/earthquakes/eventpage/us7000lwfu
us7000lv28,"M 5.0 - 157 km NW of Ternate, Indonesia",5.0,2024-01-30 18:05:27.752,30-01-2024 18:05,1.8874,126.4795,41.461,Indonesia,https://earthquake.usgs.gov/earthquakes/eventpage/us7000lv28
us7000lwft,"M 4.2 - 17 km SSW of San Fernando, Peru",4.2,2024-01-30 17:43:18.095,30-01-2024 17:43,-8.552,-74.5849,128.322,Peru,https://earthquake.usgs.gov/earthquakes/eventpage/us7000lwft
pr2024030006,"M 4.6 - 93 km N of Charlotte Amalie, U.S. Virgin Islands",4.6,2024-01-30 16:27:00.010,30-01-2024 16:27,19.19,-64.9718,28.0,U.S. Virgin Islands,https://earthquake.usgs.gov/earthquakes/eventpage/pr2024030006
us7000lwfs,"M 4.3 - 47 km ENE of Barcelona, Philippines",4.3,2024-01-30 16:12:57.956,30-01-2024 16:12,8.3438,126.8234,36.943,Philippines,https://earthquake.usgs.gov/earthquakes/eventpage/us7000lwfs
us7000lwfr,"M 4.2 - 278 km WNW of Houma, Tonga",4.2,2024-01-30 15:52:51.545,30-01-2024 15:52,-20.0045,-177.6678,538.85,Tonga,https://earthquake.usgs.gov/earthquakes/eventpage/us7000lwfr
us7000lv02,"M 4.4 - 89 km W of Murghob, Tajikistan",4.4,2024-01-30 15:45:14.561,30-01-2024 15:45,38.2592,72.9547,54.15,Tajikistan,https://earthquake.usgs.gov/earthquakes/eventpage/us7000lv02
us7000lwfn,M 4.5 - south of the Fiji Islands,4.5,2024-01-30 13:21:03.774,30-01-2024 13:21,-25.3061,179.755,524.413,south of the Fiji Islands,https://earthquake.usgs.gov/earthquakes/eventpage/us7000lwfn
us7000luz7,M 5.1 - South Sandwich Islands region,5.1,2024-01-30 13:10:13.605,30-01-2024 13:10,-56.001,-27.6187,102.026,South Sandwich Islands region,https://earthquake.usgs.gov/earthquakes/eventpage/us7000luz7
us7000luz3,M 4.9 - South Sandwich Islands region,4.9,2024-01-30 12:58:32.912,30-01-2024 12:58,-57.3924,-25.9137,91.829,South Sandwich Islands region,https://earthquake.usgs.gov/earthquakes/eventpage/us7000luz3
us7000lwfm,"M 4.1 - 61 km ESE of Isangel, Vanuatu",4.1,2024-01-30 10:46:19.418,30-01-2024 10:46,-19.7436,169.8315,282.953,Vanuatu,https://earthquake.usgs.gov/earthquakes/eventpage/us7000lwfm
us7000lwg2,M 4.5 - northern Mid-Atlantic Ridge,4.5,2024-01-30 10:45:36.274,30-01-2024 10:45,11.7298,-43.7994,10.0,northern Mid-Atlantic Ridge,https://earthquake.usgs.gov/earthquakes/eventpage/us7000lwg2
us7000luyc,"M 4.7 - 63 km WSW of Masachapa, Nicaragua",4.7,2024-01-30 10:36:39.284,30-01-2024 10:36,11.5437,-87.046,35.0,Nicaragua,https://earthquake.usgs.gov/earthquakes/eventpage/us7000luyc
us7000luye,"M 4.4 - 64 km SSE of Shikotan, Russia",4.4,2024-01-30 10:35:53.886,30-01-2024 10:35,43.2473,146.9627,68.38,Russia,https://earthquake.usgs.gov/earthquakes/eventpage/us7000luye
us7000lwfk,M 4.4 - west of Macquarie Island,4.4,2024-01-30 09:17:46.170,30-01-2024 09:17,-54.2311,144.5601,10.0,west of Macquarie Island,https://earthquake.usgs.gov/earthquakes/eventpage/us7000lwfk
us7000luxu,"M 4.4 - 46 km SSE of Shikotan, Russia",4.4,2024-01-30 09:12:41.658,30-01-2024 09:12,43.4227,146.9754,61.913,Russia,https://earthquake.usgs.gov/earthquakes/eventpage/us7000luxu
us7000lwfj,"M 4.3 - 117 km E of Aras-asan, Philippines",4.3,2024-01-30 08:42:13.730,30-01-2024 08:42,8.8598,127.3827,10.0,Philippines,https://earthquake.usgs.gov/earthquakes/eventpage/us7000lwfj
us7000lwfh,M 4.4 - south of the Fiji Islands,4.4,2024-01-30 08:06:04.432,30-01-2024 08:06,-23.4953,-179.7769,510.394,south of the Fiji Islands,https://earthquake.usgs.gov/earthquakes/eventpage/us7000lwfh
us7000luxb,"M 4.6 - 50 km E of Aras-asan, Philippines",4.6,2024-01-30 06:47:46.247,30-01-2024 06:47,8.8001,126.7652,68.689,Philippines,https://earthquake.usgs.gov/earthquakes/eventpage/us7000luxb
us7000lux5,"M 4.2 - 207 km W of Port McNeill, Canada",4.2,2024-01-30 06:23:19.886,30-01-2024 06:23,50.7224,-130.0066,10.0,Canada,https://earthquake.usgs.gov/earthquakes/eventpage/us7000lux5
ak0241dps9ls,"M 4.0 - 9 km SSW of Chickaloon, Alaska",4.0,2024-01-30 06:15:18.818,30-01-2024 06:15,61.7278,-148.5574,9.0,Alaska,https://earthquake.usgs.gov/earthquakes/eventpage/ak0241dps9ls
us7000lwff,"M 4.4 - 177 km SE of Pondaguitan, Philippines",4.4,2024-01-30 04:30:39.482,30-01-2024 04:30,5.0774,127.1467,128.874,Philippines,https://earthquake.usgs.gov/earthquakes/eventpage/us7000lwff
us7000lwfg,"M 4.3 - 244 km E of Tadine, New Caledonia",4.3,2024-01-30 04:09:06.048,30-01-2024 04:09,-21.9935,170.1923,35.0,New Caledonia,https://earthquake.usgs.gov/earthquakes/eventpage/us7000lwfg
us7000luwf,"M 4.2 - 129 km W of Aykol, China",4.2,2024-01-30 03:52:35.738,30-01-2024 03:52,41.1648,78.625,10.0,China,https://earthquake.usgs.gov/earthquakes/eventpage/us7000luwf
us7000lwfe,"M 4.0 - 128 km W of Aykol, China",4.0,2024-01-30 03:45:08.552,30-01-2024 03:45,41.164,78.6356,10.0,China,https://earthquake.usgs.gov/earthquakes/eventpage/us7000lwfe
us7000lwfd,"M 4.3 - 204 km W of Umatac Village, Guam",4.3,2024-01-30 02:15:27.628,30-01-2024 02:15,13.0844,142.7856,10.0,Guam,https://earthquake.usgs.gov/earthquakes/eventpage/us7000lwfd
us7000lwfb,M 4.5 - Fiji region,4.5,2024-01-30 01:55:48.764,30-01-2024 01:55,-18.8831,-177.6503,532.474,Fiji region,https://earthquake.usgs.gov/earthquakes/eventpage/us7000lwfb
us7000luvz,"M 4.3 - 123 km WNW of Aykol, China",4.3,2024-01-30 01:44:58.324,30-01-2024 01:44,41.2507,78.7221,10.0,China,https://earthquake.usgs.gov/earthquakes/eventpage/us7000luvz
us7000lwe3,"M 4.7 - 96 km S of Gataivai, Samoa",4.7,2024-01-30 00:47:04.017,30-01-2024 00:47,-14.6332,-172.5177,10.0,Samoa,https://earthquake.usgs.gov/earthquakes/eventpage/us7000lwe3
us7000luvu,M 4.9 - west of Macquarie Island,4.9,2024-01-30 00:41:20.600,30-01-2024 00:41,-54.2802,142.9583,10.0,west of Macquarie Island,https://earthquake.usgs.gov/earthquakes/eventpage/us7000luvu
us7000luvn,"M 4.2 - 13 km NW of Iray, Peru",4.2,2024-01-30 00:13:56.664,30-01-2024 00:13,-15.7771,-72.7148,139.555,Peru,https://earthquake.usgs.gov/earthquakes/eventpage/us7000luvn
us7000lwe2,"M 4.2 - 51 km SW of Teluk Dalam, Indonesia",4.2,2024-01-30 00:13:43.883,30-01-2024 00:13,0.2214,97.5058,24.214,Indonesia,https://earthquake.usgs.gov/earthquakes/eventpage/us7000lwe2
us7000luvf,"M 4.3 - 125 km SSE of Kyzyl-Suu, Kyrgyzstan",4.3,2024-01-29 23:30:55.043,29-01-2024 23:30,41.2933,78.5831,10.0,Kyrgyzstan,https://earthquake.usgs.gov/earthquakes/eventpage/us7000luvf
us7000luvc,"M 4.5 - 126 km WNW of Aykol, China",4.5,2024-01-29 23:17:07.455,29-01-2024 23:17,41.2469,78.6747,6.662,China,https://earthquake.usgs.gov/earthquakes/eventpage/us7000luvc
us7000lwf6,"M 4.2 - 64 km SE of Hasaki, Japan",4.2,2024-01-29 22:55:26.716,29-01-2024 22:55,35.3868,141.403,13.703,Japan,https://earthquake.usgs.gov/earthquakes/eventpage/us7000lwf6
us7000luv2,M 4.0 - off the coast of Oregon,4.0,2024-01-29 22:42:33.462,29-01-2024 22:42,44.4448,-130.0654,10.0,off the coast of Oregon,https://earthquake.usgs.gov/earthquakes/eventpage/us7000luv2
us7000luuy,"M 5.7 - 128 km WNW of Aykol, China",5.7,2024-01-29 22:27:41.948,29-01-2024 22:27,41.1985,78.6388,10.0,China,https://earthquake.usgs.gov/earthquakes/eventpage/us7000luuy
us7000luun,"M 4.5 - 13 km NNW of San Agustín, El Salvador",4.5,2024-01-29 21:38:33.921,29-01-2024 21:38,13.5419,-88.6575,183.251,El Salvador,https://earthquake.usgs.gov/earthquakes/eventpage/us7000luun
us7000lwf9,M 4.5 - Balleny Islands region,4.5,2024-01-29 21:18:39.139,29-01-2024 21:18,-64.6719,175.9435,10.0,Balleny Islands region,https://earthquake.usgs.gov/earthquakes/eventpage/us7000lwf9
us7000luue,"M 4.3 - 125 km WNW of Aykol, China",4.3,2024-01-29 21:03:23.919,29-01-2024 21:03,41.2526,78.6898,10.0,China,https://earthquake.usgs.gov/earthquakes/eventpage/us7000luue
us7000lwf5,M 4.5 - Southwest Indian Ridge,4.5,2024-01-29 21:02:32.781,29-01-2024 21:02,-33.491,57.0586,10.0,Southwest Indian Ridge,https://earthquake.usgs.gov/earthquakes/eventpage/us7000lwf5
us7000lwf4,"M 4.0 - 227 km E of Levuka, Fiji",4.0,2024-01-29 20:38:49.246,29-01-2024 20:38,-17.9608,-178.5378,591.105,Fiji,https://earthquake.usgs.gov/earthquakes/eventpage/us7000lwf4
us7000luu5,"M 4.3 - 21 km SE of Calingasta, Argentina",4.3,2024-01-29 20:37:30.395,29-01-2024 20:37,-31.4819,-69.2746,111.732,Argentina,https://earthquake.usgs.gov/earthquakes/eventpage/us7000luu5
us7000lutd,"M 4.8 - 56 km SE of Hasaki, Japan",4.8,2024-01-29 20:03:05.077,29-01-2024 20:03,35.3911,141.2952,28.066,Japan,https://earthquake.usgs.gov/earthquakes/eventpage/us7000lutd
pr2024029005,"M 4.6 - 99 km N of Charlotte Amalie, U.S. Virgin Islands",4.6,2024-01-29 20:00:52.820,29-01-2024 20:00,19.245,-64.954,10.0,U.S. Virgin Islands,https://earthquake.usgs.gov/earthquakes/eventpage/pr2024029005
us7000lwf3,"M 4.3 - 51 km S of Lata, Solomon Islands",4.3,2024-01-29 19:28:51.053,29-01-2024 19:28,-11.1804,165.8812,35.0,Solomon Islands,https://earthquake.usgs.gov/earthquakes/eventpage/us7000lwf3
us7000lusz,"M 4.2 - 195 km SSW of Inuvik, Canada",4.2,2024-01-29 19:14:45.632,29-01-2024 19:14,66.7791,-135.6944,10.0,Canada,https://earthquake.usgs.gov/earthquakes/eventpage/us7000lusz
us7000lush,"M 4.5 - 36 km SSW of Andalgalá, Argentina",4.5,2024-01-29 17:43:30.091,29-01-2024 17:43,-27.8601,-66.5064,161.545,Argentina,https://earthquake.usgs.gov/earthquakes/eventpage/us7000lush
pr2024029002,"M 4.4 - 93 km N of Charlotte Amalie, U.S. Virgin Islands",4.44,2024-01-29 16:57:29.360,29-01-2024 16:57,19.1838,-64.9211,45.0,U.S. Virgin Islands,https://earthquake.usgs.gov/earthquakes/eventpage/pr2024029002
us7000lus7,"M 4.6 - 272 km NNE of Ama, Japan",4.6,2024-01-29 16:57:12.934,29-01-2024 16:57,38.454,133.951,436.91,Japan,https://earthquake.usgs.gov/earthquakes/eventpage/us7000lus7
us7000luqp,"M 4.3 - 266 km ENE of Lospalos, Timor Leste",4.3,2024-01-29 16:04:59.387,29-01-2024 16:04,-7.2218,129.0296,173.481,Timor Leste,https://earthquake.usgs.gov/earthquakes/eventpage/us7000luqp
us7000luss,"M 4.0 - 103 km SW of Adak, Alaska",4.0,2024-01-29 15:58:25.218,29-01-2024 15:58,51.3238,-177.8437,52.912,Alaska,https://earthquake.usgs.gov/earthquakes/eventpage/us7000luss
us7000luqg,"M 4.5 - 40 km S of Shizunai-furukawachō, Japan",4.5,2024-01-29 15:19:18.799,29-01-2024 15:19,41.9718,142.3464,64.566,Japan,https://earthquake.usgs.gov/earthquakes/eventpage/us7000luqg
us7000lupw,"M 4.1 - 11 km ENE of San Pedro de Atacama, Chile",4.1,2024-01-29 13:26:19.072,29-01-2024 13:26,-22.8753,-68.0994,147.783,Chile,https://earthquake.usgs.gov/earthquakes/eventpage/us7000lupw
us7000lwfa,"M 4.2 - 10 km WSW of Sangay, Philippines",4.2,2024-01-29 12:06:49.068,29-01-2024 12:06,6.4106,123.9539,543.409,Philippines,https://earthquake.usgs.gov/earthquakes/eventpage/us7000lwfa
us7000lwen,"M 4.5 - Volcano Islands, Japan region",4.5,2024-01-29 11:46:25.300,29-01-2024 11:46,23.5343,142.8867,67.718,Japan region,https://earthquake.usgs.gov/earthquakes/eventpage/us7000lwen
us7000lupj,"M 4.5 - 97 km NNE of Maketu, New Zealand",4.5,2024-01-29 11:40:30.064,29-01-2024 11:40,-37.0203,177.0317,253.648,New Zealand,https://earthquake.usgs.gov/earthquakes/eventpage/us7000lupj
us7000lwel,"M 4.2 - Pagan region, Northern Mariana Islands",4.2,2024-01-29 10:50:35.666,29-01-2024 10:50,18.3785,145.3898,485.374,Northern Mariana Islands,https://earthquake.usgs.gov/earthquakes/eventpage/us7000lwel
us7000lup1,"M 4.3 - 1 km S of Aghajari, Iran",4.3,2024-01-29 08:27:23.367,29-01-2024 08:27,30.6834,49.8289,10.0,Iran,https://earthquake.usgs.gov/earthquakes/eventpage/us7000lup1
us7000lunx,"M 5.1 - 116 km ENE of Barcelona, Philippines",5.1,2024-01-29 07:37:21.407,29-01-2024 07:37,8.4722,127.445,10.0,Philippines,https://earthquake.usgs.gov/earthquakes/eventpage/us7000lunx
us7000lwek,"M 4.3 - 186 km E of Lospalos, Timor Leste",4.3,2024-01-29 07:34:03.561,29-01-2024 07:34,-8.6154,128.6919,10.0,Timor Leste,https://earthquake.usgs.gov/earthquakes/eventpage/us7000lwek
us7000lwes,"M 4.2 - 60 km WSW of Sado, Japan",4.2,2024-01-29 07:26:55.894,29-01-2024 07:26,37.8296,137.7133,10.0,Japan,https://earthquake.usgs.gov/earthquakes/eventpage/us7000lwes
us7000lweg,"M 4.3 - 17 km NNW of San Miguel, Philippines",4.3,2024-01-29 07:26:07.440,29-01-2024 07:26,9.0984,125.8595,10.0,Philippines,https://earthquake.usgs.gov/earthquakes/eventpage/us7000lweg
us7000lunk,"M 4.3 - 56 km E of Khorugh, Tajikistan",4.3,2024-01-29 06:06:28.528,29-01-2024 06:06,37.5164,72.1868,203.403,Tajikistan,https://earthquake.usgs.gov/earthquakes/eventpage/us7000lunk
us7000lwed,M 4.5 - southeast of the Loyalty Islands,4.5,2024-01-29 06:01:47.710,29-01-2024 06:01,-22.3301,173.6137,34.227,southeast of the Loyalty Islands,https://earthquake.usgs.gov/earthquakes/eventpage/us7000lwed
us7000lwec,"M 4.3 - 99 km NE of Tobelo, Indonesia",4.3,2024-01-29 05:15:52.261,29-01-2024 05:15,2.4263,128.5726,232.484,Indonesia,https://earthquake.usgs.gov/earthquakes/eventpage/us7000lwec
us7000lunc,"M 4.9 - 67 km NW of Finschhafen, Papua New Guinea",4.9,2024-01-29 04:42:01.572,29-01-2024 04:42,-6.1593,147.3865,70.137,Papua New Guinea,https://earthquake.usgs.gov/earthquakes/eventpage/us7000lunc
us7000lwea,"M 4.1 - 183 km NW of Fais, Micronesia",4.1,2024-01-29 04:33:51.288,29-01-2024 04:33,10.9445,139.3373,10.0,Micronesia,https://earthquake.usgs.gov/earthquakes/eventpage/us7000lwea
us7000lwe8,"M 4.4 - 149 km SSE of Sarangani, Philippines",4.4,2024-01-29 04:06:35.270,29-01-2024 04:06,4.1141,125.8625,142.784,Philippines,https://earthquake.usgs.gov/earthquakes/eventpage/us7000lwe8
us7000lunb,"M 4.2 - 126 km WNW of Aykol, China",4.2,2024-01-29 04:05:22.147,29-01-2024 04:05,41.2492,78.6756,10.0,China,https://earthquake.usgs.gov/earthquakes/eventpage/us7000lunb
us7000lwe7,M 4.4 - south of the Fiji Islands,4.4,2024-01-29 03:56:50.347,29-01-2024 03:56,-23.7986,-179.6983,516.053,south of the Fiji Islands,https://earthquake.usgs.gov/earthquakes/eventpage/us7000lwe7
us7000lwef,"M 4.0 - 114 km W of Aykol, China",4.0,2024-01-29 01:51:37.122,29-01-2024 01:51,40.9964,78.7719,10.0,China,https://earthquake.usgs.gov/earthquakes/eventpage/us7000lwef
us7000lumv,"M 4.1 - 30 km SW of Calama, Chile",4.1,2024-01-29 01:49:38.496,29-01-2024 01:49,-22.6246,-69.159,119.309,Chile,https://earthquake.usgs.gov/earthquakes/eventpage/us7000lumv
us7000lwe5,"M 4.1 - 105 km SSW of Tambolaka, Indonesia",4.1,2024-01-29 01:44:40.400,29-01-2024 01:44,-10.2625,118.7695,35.0,Indonesia,https://earthquake.usgs.gov/earthquakes/eventpage/us7000lwe5
us7000lwee,"M 4.1 - 176 km WSW of Bandar Lampung, Indonesia",4.1,2024-01-29 01:12:01.496,29-01-2024 01:12,-6.0718,103.7978,50.0,Indonesia,https://earthquake.usgs.gov/earthquakes/eventpage/us7000lwee
us7000lwbb,M 4.5 - South Sandwich Islands region,4.5,2024-01-28 23:23:51.695,28-01-2024 23:23,-59.1671,-25.6949,35.0,South Sandwich Islands region,https://earthquake.usgs.gov/earthquakes/eventpage/us7000lwbb
us7000lwb9,M 4.2 - Reykjanes Ridge,4.2,2024-01-28 22:47:44.173,28-01-2024 22:47,59.5239,-30.6723,10.0,Reykjanes Ridge,https://earthquake.usgs.gov/earthquakes/eventpage/us7000lwb9
us7000lwbc,M 4.1 - south of the Fiji Islands,4.1,2024-01-28 22:39:03.589,28-01-2024 22:39,-24.406,-179.6877,495.202,south of the Fiji Islands,https://earthquake.usgs.gov/earthquakes/eventpage/us7000lwbc
us7000lwb8,M 4.5 - Reykjanes Ridge,4.5,2024-01-28 21:34:36.901,28-01-2024 21:34,59.3688,-31.161,10.0,Reykjanes Ridge,https://earthquake.usgs.gov/earthquakes/eventpage/us7000lwb8
us7000lwb7,M 4.9 - Easter Island region,4.9,2024-01-28 21:16:44.724,28-01-2024 21:16,-31.7928,-110.3498,10.0,Easter Island region,https://earthquake.usgs.gov/earthquakes/eventpage/us7000lwb7
us7000lult,"M 4.2 - 56 km WNW of San Antonio de los Cobres, Argentina",4.2,2024-01-28 20:47:54.225,28-01-2024 20:47,-23.9956,-66.817,204.336,Argentina,https://earthquake.usgs.gov/earthquakes/eventpage/us7000lult
us7000luli,"M 4.2 - 147 km NE of Maumere, Indonesia",4.2,2024-01-28 19:39:10.366,28-01-2024 19:39,-7.8032,123.2694,259.634,Indonesia,https://earthquake.usgs.gov/earthquakes/eventpage/us7000luli
us7000lwb4,M 4.6 - Pacific-Antarctic Ridge,4.6,2024-01-28 18:20:34.313,28-01-2024 18:20,-62.4801,-160.2007,10.0,Pacific-Antarctic Ridge,https://earthquake.usgs.gov/earthquakes/eventpage/us7000lwb4
us7000lwbg,"M 4.9 - 46 km SW of Hualien City, Taiwan",4.9,2024-01-28 18:11:55.276,28-01-2024 18:11,23.6302,121.3397,7.388,Taiwan,https://earthquake.usgs.gov/earthquakes/eventpage/us7000lwbg
us7000lul3,"M 5.1 - 48 km SW of Hualien City, Taiwan",5.1,2024-01-28 18:11:23.160,28-01-2024 18:11,23.6212,121.3245,7.2,Taiwan,https://earthquake.usgs.gov/earthquakes/eventpage/us7000lul3
us7000lukw,"M 4.7 - 68 km W of Ambunti, Papua New Guinea",4.7,2024-01-28 17:22:35.058,28-01-2024 17:22,-4.153,142.2058,118.571,Papua New Guinea,https://earthquake.usgs.gov/earthquakes/eventpage/us7000lukw
ak0241akwr3b,"M 4.1 - 4 km SSW of Salcha, Alaska",4.1,2024-01-28 16:56:45.693,28-01-2024 16:56,64.4865,-146.9258,10.7,Alaska,https://earthquake.usgs.gov/earthquakes/eventpage/ak0241akwr3b
us7000luki,"M 4.9 - 232 km ESE of Tadine, New Caledonia",4.9,2024-01-28 16:35:56.416,28-01-2024 16:35,-22.0662,170.0627,10.0,New Caledonia,https://earthquake.usgs.gov/earthquakes/eventpage/us7000luki
us7000luk8,"M 4.4 - 36 km NNW of Ishqoshim, Tajikistan",4.4,2024-01-28 15:37:43.115,28-01-2024 15:37,37.0412,71.5142,120.62,Tajikistan,https://earthquake.usgs.gov/earthquakes/eventpage/us7000luk8
us7000luk1,"M 4.0 - 0 km ESE of Tokoroa, New Zealand",4.0,2024-01-28 14:11:30.295,28-01-2024 14:11,-38.2339,175.869,180.035,New Zealand,https://earthquake.usgs.gov/earthquakes/eventpage/us7000luk1
us7000lwax,M 4.3 - Vanuatu region,4.3,2024-01-28 12:50:37.997,28-01-2024 12:50,-14.7011,172.5681,613.392,Vanuatu region,https://earthquake.usgs.gov/earthquakes/eventpage/us7000lwax
us7000lway,M 4.4 - South Sandwich Islands region,4.4,2024-01-28 12:50:10.634,28-01-2024 12:50,-59.9529,-26.3449,54.977,South Sandwich Islands region,https://earthquake.usgs.gov/earthquakes/eventpage/us7000lway
us7000lujz,M 4.6 - south of the Fiji Islands,4.6,2024-01-28 12:27:47.328,28-01-2024 12:27,-22.1217,-179.6641,596.5,south of the Fiji Islands,https://earthquake.usgs.gov/earthquakes/eventpage/us7000lujz
us7000lwaw,"M 4.3 - Nicobar Islands, India region",4.3,2024-01-28 11:52:30.667,28-01-2024 11:52,9.1856,93.8962,10.0,India region,https://earthquake.usgs.gov/earthquakes/eventpage/us7000lwaw
us7000luit,M 4.9 - southern East Pacific Rise,4.9,2024-01-28 10:09:31.276,28-01-2024 10:09,-42.4313,-113.3576,10.0,southern East Pacific Rise,https://earthquake.usgs.gov/earthquakes/eventpage/us7000luit
us7000luik,"M 4.5 - 13 km ENE of San Juan Volador, Mexico",4.5,2024-01-28 09:57:09.881,28-01-2024 09:57,18.3005,-94.5257,9.959,Mexico,https://earthquake.usgs.gov/earthquakes/eventpage/us7000luik
us7000luie,"M 4.4 - 126 km SSE of Kyzyl-Suu, Kyrgyzstan",4.4,2024-01-28 09:52:17.740,28-01-2024 09:52,41.2577,78.4857,8.893,Kyrgyzstan,https://earthquake.usgs.gov/earthquakes/eventpage/us7000luie
us7000lui3,"M 6.5 - 70 km W of Tarauacá, Brazil",6.5,2024-01-28 09:38:56.538,28-01-2024 09:38,-8.236,-71.4005,621.081,Brazil,https://earthquake.usgs.gov/earthquakes/eventpage/us7000lui3
us7000lui0,"M 4.1 - 4 km NNE of San Gregorio Magno, Italy",4.1,2024-01-28 09:23:23.311,28-01-2024 09:23,40.6984,15.4246,10.0,Italy,https://earthquake.usgs.gov/earthquakes/eventpage/us7000lui0
us7000luhv,"M 4.5 - 19 km W of Bahía Solano, Colombia",4.5,2024-01-28 08:17:55.788,28-01-2024 08:17,6.2056,-77.5807,21.804,Colombia,https://earthquake.usgs.gov/earthquakes/eventpage/us7000luhv
us7000lwau,"M 4.3 - 132 km NNE of Gorontalo, Indonesia",4.3,2024-01-28 07:41:12.053,28-01-2024 07:41,1.6726,123.4428,10.0,Indonesia,https://earthquake.usgs.gov/earthquakes/eventpage/us7000lwau
us7000luhq,"M 4.4 - 15 km NW of Panguipulli, Chile",4.4,2024-01-28 07:35:56.837,28-01-2024 07:35,-39.5464,-72.4597,87.794,Chile,https://earthquake.usgs.gov/earthquakes/eventpage/us7000luhq
us7000lwat,"M 4.4 - 218 km W of Banda Aceh, Indonesia",4.4,2024-01-28 07:19:49.566,28-01-2024 07:19,5.1702,93.3943,15.768,Indonesia,https://earthquake.usgs.gov/earthquakes/eventpage/us7000lwat
us7000lwas,"M 4.4 - 53 km W of Nuquí, Colombia",4.4,2024-01-28 06:10:38.878,28-01-2024 06:10,5.7787,-77.752,17.402,Colombia,https://earthquake.usgs.gov/earthquakes/eventpage/us7000lwas
us7000lwar,M 4.1 - Fiji region,4.1,2024-01-28 06:06:31.270,28-01-2024 06:06,-20.2842,-178.2245,611.06,Fiji region,https://earthquake.usgs.gov/earthquakes/eventpage/us7000lwar
us7000luhf,"M 4.6 - 28 km WSW of Tola, Nicaragua",4.6,2024-01-28 05:55:52.608,28-01-2024 05:55,11.3085,-86.1664,74.783,Nicaragua,https://earthquake.usgs.gov/earthquakes/eventpage/us7000luhf
us7000luh6,"M 4.4 - 20 km SW of Matapalo, Peru",4.4,2024-01-28 05:19:05.061,28-01-2024 05:19,-3.8201,-80.3235,35.382,Peru,https://earthquake.usgs.gov/earthquakes/eventpage/us7000luh6
us7000lwan,M 4.5 - south of the Fiji Islands,4.5,2024-01-28 04:28:14.111,28-01-2024 04:28,-23.3283,-179.7917,547.433,south of the Fiji Islands,https://earthquake.usgs.gov/earthquakes/eventpage/us7000lwan
us7000lugy,"M 4.6 - Maug Islands region, Northern Mariana Islands",4.6,2024-01-28 04:27:59.455,28-01-2024 04:27,20.4154,144.8264,182.488,Northern Mariana Islands,https://earthquake.usgs.gov/earthquakes/eventpage/us7000lugy
us7000lwal,"M 4.3 - 5 km NNE of Silanga, Philippines",4.3,2024-01-28 04:01:04.580,28-01-2024 04:01,11.864,124.8575,114.12,Philippines,https://earthquake.usgs.gov/earthquakes/eventpage/us7000lwal
us7000lugr,"M 4.5 - 190 km NE of The Valley, Anguilla",4.5,2024-01-28 03:52:49.610,28-01-2024 03:52,19.4057,-61.745,10.0,Anguilla,https://earthquake.usgs.gov/earthquakes/eventpage/us7000lugr
us7000lwak,"M 4.0 - 163 km E of Masohi, Indonesia",4.0,2024-01-28 02:30:05.746,28-01-2024 02:30,-3.1048,130.4282,18.757,Indonesia,https://earthquake.usgs.gov/earthquakes/eventpage/us7000lwak
us7000lwaj,M 4.8 - north of Ascension Island,4.8,2024-01-28 02:16:42.030,28-01-2024 02:16,-1.6476,-12.9659,10.0,north of Ascension Island,https://earthquake.usgs.gov/earthquakes/eventpage/us7000lwaj
us7000lug0,"M 4.1 - 103 km SSE of Colchane, Chile",4.1,2024-01-28 01:59:12.709,28-01-2024 01:59,-20.0981,-68.1767,176.68,Chile,https://earthquake.usgs.gov/earthquakes/eventpage/us7000lug0
us7000lwbd,M 4.6 - north of Ascension Island,4.6,2024-01-28 01:01:45.996,28-01-2024 01:01,-1.432,-13.323,10.0,north of Ascension Island,https://earthquake.usgs.gov/earthquakes/eventpage/us7000lwbd
us7000lwam,M 4.6 - Mid-Indian Ridge,4.6,2024-01-28 00:51:12.773,28-01-2024 00:51,-24.3439,69.167,10.0,Mid-Indian Ridge,https://earthquake.usgs.gov/earthquakes/eventpage/us7000lwam
us7000lufp,"M 4.2 - 9 km WNW of Chahuites, Mexico",4.2,2024-01-28 00:37:08.260,28-01-2024 00:37,16.3106,-94.2849,99.91,Mexico,https://earthquake.usgs.gov/earthquakes/eventpage/us7000lufp
us7000lufj,"M 5.1 - 11 km W of Ichihara, Japan",5.1,2024-01-27 23:59:29.184,27-01-2024 23:59,35.5331,139.9558,70.051,Japan,https://earthquake.usgs.gov/earthquakes/eventpage/us7000lufj
us7000luf8,"M 4.2 - 45 km NNE of Calama, Chile",4.2,2024-01-27 23:21:00.166,27-01-2024 23:21,-22.0823,-68.7329,118.139,Chile,https://earthquake.usgs.gov/earthquakes/eventpage/us7000luf8
us7000lvus,"M 4.1 - 4 km SE of Gamut, Philippines",4.1,2024-01-27 22:42:55.461,27-01-2024 22:42,8.5022,126.2752,58.422,Philippines,https://earthquake.usgs.gov/earthquakes/eventpage/us7000lvus
us7000lvur,"M 4.3 - 135 km SE of Pangai, Tonga",4.3,2024-01-27 22:33:05.554,27-01-2024 22:33,-20.802,-173.5938,10.0,Tonga,https://earthquake.usgs.gov/earthquakes/eventpage/us7000lvur
us7000luew,"M 4.4 - 215 km NE of Narsaq, Greenland",4.4,2024-01-27 22:01:54.789,27-01-2024 22:01,62.4643,-43.6335,10.0,Greenland,https://earthquake.usgs.gov/earthquakes/eventpage/us7000luew
us7000lueu,"M 4.2 - 38 km S of Puerto El Triunfo, El Salvador",4.2,2024-01-27 21:51:30.427,27-01-2024 21:51,12.9353,-88.5583,68.112,El Salvador,https://earthquake.usgs.gov/earthquakes/eventpage/us7000lueu
us7000lvuu,"M 4.4 - 75 km ENE of Tobelo, Indonesia",4.4,2024-01-27 20:04:51.923,27-01-2024 20:04,1.9484,128.6548,10.028,Indonesia,https://earthquake.usgs.gov/earthquakes/eventpage/us7000lvuu
us7000lvup,"M 4.3 - 2 km S of Tabontabon, Philippines",4.3,2024-01-27 19:32:35.061,27-01-2024 19:32,11.0222,124.9626,207.714,Philippines,https://earthquake.usgs.gov/earthquakes/eventpage/us7000lvup
us7000lvut,"M 4.3 - 91 km WSW of Myitkyina, Myanmar",4.3,2024-01-27 19:32:29.747,27-01-2024 19:32,25.1373,96.5321,15.1,Myanmar,https://earthquake.usgs.gov/earthquakes/eventpage/us7000lvut
us7000lvun,"M 4.1 - 284 km NW of Houma, Tonga",4.1,2024-01-27 19:09:42.970,27-01-2024 19:09,-19.6121,-177.464,549.488,Tonga,https://earthquake.usgs.gov/earthquakes/eventpage/us7000lvun
us7000lvul,"M 4.5 - 52 km ENE of Barcelona, Philippines",4.5,2024-01-27 19:05:24.341,27-01-2024 19:05,8.4057,126.8384,53.62,Philippines,https://earthquake.usgs.gov/earthquakes/eventpage/us7000lvul
us7000lue8,"M 4.9 - 70 km E of Tobelo, Indonesia",4.9,2024-01-27 18:59:43.823,27-01-2024 18:59,1.7998,128.638,10.746,Indonesia,https://earthquake.usgs.gov/earthquakes/eventpage/us7000lue8
us7000lvuk,"M 4.5 - 81 km NNW of Lae, Papua New Guinea",4.5,2024-01-27 18:45:57.001,27-01-2024 18:45,-6.0993,146.5994,90.102,Papua New Guinea,https://earthquake.usgs.gov/earthquakes/eventpage/us7000lvuk
us7000lvuq,"M 4.5 - 36 km SSE of Sarangani, Philippines",4.5,2024-01-27 18:45:25.411,27-01-2024 18:45,5.0869,125.5611,181.731,Philippines,https://earthquake.usgs.gov/earthquakes/eventpage/us7000lvuq
us7000ludp,"M 5.0 - 102 km SSE of Sarangani, Philippines",5.0,2024-01-27 18:29:49.816,27-01-2024 18:29,4.5353,125.7835,163.893,Philippines,https://earthquake.usgs.gov/earthquakes/eventpage/us7000ludp
us7000lvuj,"M 4.5 - 124 km W of Panguna, Papua New Guinea",4.5,2024-01-27 18:21:12.311,27-01-2024 18:21,-6.3758,154.363,76.356,Papua New Guinea,https://earthquake.usgs.gov/earthquakes/eventpage/us7000lvuj
us7000ludd,"M 4.9 - 18 km NNE of Sape, Indonesia",4.9,2024-01-27 17:18:22.326,27-01-2024 17:18,-8.4235,119.0656,146.099,Indonesia,https://earthquake.usgs.gov/earthquakes/eventpage/us7000ludd
us7000ludc,"M 4.7 - 16 km S of Wewak, Papua New Guinea",4.7,2024-01-27 17:10:49.094,27-01-2024 17:10,-3.6993,143.6555,14.91,Papua New Guinea,https://earthquake.usgs.gov/earthquakes/eventpage/us7000ludc
us7000ludb,"M 4.5 - 29 km ENE of Port-Olry, Vanuatu",4.5,2024-01-27 16:44:27.578,27-01-2024 16:44,-14.9799,167.3402,119.519,Vanuatu,https://earthquake.usgs.gov/earthquakes/eventpage/us7000ludb
us7000lvug,"M 4.2 - 78 km WSW of Teluk Dalam, Indonesia",4.2,2024-01-27 16:35:40.140,27-01-2024 16:35,0.2129,97.1941,10.0,Indonesia,https://earthquake.usgs.gov/earthquakes/eventpage/us7000lvug
us7000lvuf,"M 4.5 - 206 km S of Banjar, Indonesia",4.5,2024-01-27 16:17:42.877,27-01-2024 16:17,-9.052,107.2371,19.59,Indonesia,https://earthquake.usgs.gov/earthquakes/eventpage/us7000lvuf
us7000lud6,"M 5.4 - 156 km NE of Neiafu, Tonga",5.4,2024-01-27 16:13:56.297,27-01-2024 16:13,-17.801,-172.8025,10.0,Tonga,https://earthquake.usgs.gov/earthquakes/eventpage/us7000lud6
us7000lvue,"M 4.2 - 33 km SSE of Ust’-Kamchatsk Staryy, Russia",4.2,2024-01-27 15:22:22.032,27-01-2024 15:22,55.9547,162.6991,53.991,Russia,https://earthquake.usgs.gov/earthquakes/eventpage/us7000lvue
us7000lud4,M 4.5 - Kuril Islands,4.5,2024-01-27 15:19:05.741,27-01-2024 15:19,48.263,154.2047,59.833,Kuril Islands,https://earthquake.usgs.gov/earthquakes/eventpage/us7000lud4
us7000lvum,M 4.7 - South Sandwich Islands region,4.7,2024-01-27 13:52:38.060,27-01-2024 13:52,-55.7039,-27.6791,38.466,South Sandwich Islands region,https://earthquake.usgs.gov/earthquakes/eventpage/us7000lvum
us7000lvui,"M 4.4 - 92 km NW of Ende, Indonesia",4.4,2024-01-27 13:18:47.108,27-01-2024 13:18,-8.1521,121.1828,10.0,Indonesia,https://earthquake.usgs.gov/earthquakes/eventpage/us7000lvui
us7000lucp,"M 4.3 - 205 km SE of Chiniak, Alaska",4.3,2024-01-27 12:24:27.391,27-01-2024 12:24,56.3399,-149.8238,10.0,Alaska,https://earthquake.usgs.gov/earthquakes/eventpage/us7000lucp
us7000lvu9,"M 4.2 - 279 km WNW of Houma, Tonga",4.2,2024-01-27 11:50:11.172,27-01-2024 11:50,-20.1588,-177.7618,486.326,Tonga,https://earthquake.usgs.gov/earthquakes/eventpage/us7000lvu9
us7000lvux,"M 4.1 - 86 km SSW of Atiquipa, Peru",4.1,2024-01-27 10:08:20.107,27-01-2024 10:08,-16.5535,-74.551,10.0,Peru,https://earthquake.usgs.gov/earthquakes/eventpage/us7000lvux
us7000lubv,"M 5.4 - south of Java, Indonesia",5.4,2024-01-27 09:33:17.652,27-01-2024 09:33,-11.6263,113.3843,10.0,Indonesia,https://earthquake.usgs.gov/earthquakes/eventpage/us7000lubv
us7000lubs,"M 4.6 - 129 km WNW of Aykol, China",4.6,2024-01-27 09:03:04.008,27-01-2024 09:03,41.2019,78.6244,10.0,China,https://earthquake.usgs.gov/earthquakes/eventpage/us7000lubs
us7000lube,"M 4.5 - 45 km S of Tinogasta, Argentina",4.5,2024-01-27 07:15:27.412,27-01-2024 07:15,-28.475,-67.6098,115.762,Argentina,https://earthquake.usgs.gov/earthquakes/eventpage/us7000lube
us7000luaj,"M 4.0 - 39 km ENE of Huara, Chile",4.0,2024-01-27 05:55:34.047,27-01-2024 05:55,-19.8194,-69.4399,88.056,Chile,https://earthquake.usgs.gov/earthquakes/eventpage/us7000luaj
us7000luai,"M 6.1 - 15 km W of Taxisco, Guatemala",6.1,2024-01-27 05:52:48.419,27-01-2024 05:52,14.0636,-90.6159,90.0,Guatemala,https://earthquake.usgs.gov/earthquakes/eventpage/us7000luai
us7000lvu7,"M 4.3 - 115 km SE of Kegen, Kazakhstan",4.3,2024-01-27 05:29:26.103,27-01-2024 05:29,42.3798,80.3352,10.0,Kazakhstan,https://earthquake.usgs.gov/earthquakes/eventpage/us7000lvu7
us7000luag,"M 4.5 - 29 km S of Rasht, Tajikistan",4.5,2024-01-27 05:28:45.074,27-01-2024 05:28,38.7612,70.392,16.13,Tajikistan,https://earthquake.usgs.gov/earthquakes/eventpage/us7000luag
us7000luac,"M 5.1 - 4 km S of Özdere, Turkey",5.1,2024-01-27 05:19:19.465,27-01-2024 05:19,37.9756,27.1182,11.291,Turkey,https://earthquake.usgs.gov/earthquakes/eventpage/us7000luac
us7000lvu4,"M 4.3 - 81 km WNW of Attu Station, Alaska",4.3,2024-01-27 04:15:42.385,27-01-2024 04:15,53.0558,172.0292,10.0,Alaska,https://earthquake.usgs.gov/earthquakes/eventpage/us7000lvu4
us7000lvu3,"M 4.1 - 287 km NE of Fais, Micronesia",4.1,2024-01-27 02:38:10.007,27-01-2024 02:38,11.8775,142.0526,28.994,Micronesia,https://earthquake.usgs.gov/earthquakes/eventpage/us7000lvu3
us7000lu9q,"M 5.4 - 138 km E of Madang, Papua New Guinea",5.4,2024-01-27 02:15:26.991,27-01-2024 02:15,-5.4377,147.0197,227.678,Papua New Guinea,https://earthquake.usgs.gov/earthquakes/eventpage/us7000lu9q
us7000lvu2,"M 4.2 - 129 km S of Sinjai, Indonesia",4.2,2024-01-27 01:47:26.626,27-01-2024 01:47,-6.2994,120.2286,10.0,Indonesia,https://earthquake.usgs.gov/earthquakes/eventpage/us7000lvu2
us7000lu98,"M 5.1 - 292 km NE of Fais, Micronesia",5.1,2024-01-27 01:36:45.009,27-01-2024 01:36,11.7896,142.2431,43.944,Micronesia,https://earthquake.usgs.gov/earthquakes/eventpage/us7000lu98
us7000lu8z,"M 4.1 - 136 km W of Aykol, China",4.1,2024-01-27 00:37:21.777,27-01-2024 00:37,41.152,78.537,10.0,China,https://earthquake.usgs.gov/earthquakes/eventpage/us7000lu8z
us7000lvu1,"M 4.3 - 58 km ESE of Hitachi, Japan",4.3,2024-01-27 00:25:56.032,27-01-2024 00:25,36.4179,141.261,34.404,Japan,https://earthquake.usgs.gov/earthquakes/eventpage/us7000lvu1
us7000lvu0,"M 4.4 - 112 km N of Hihifo, Tonga",4.4,2024-01-27 00:01:34.507,27-01-2024 00:01,-14.9496,-173.6117,35.14,Tonga,https://earthquake.usgs.gov/earthquakes/eventpage/us7000lvu0
us7000lvca,M 4.9 - Mid-Indian Ridge,4.9,2024-01-26 23:44:55.342,26-01-2024 23:44,-35.2404,78.6925,10.0,Mid-Indian Ridge,https://earthquake.usgs.gov/earthquakes/eventpage/us7000lvca
us7000lvc8,"M 4.0 - 100 km SSE of Ierápetra, Greece",4.0,2024-01-26 22:24:13.980,26-01-2024 22:24,34.1378,26.0203,35.406,Greece,https://earthquake.usgs.gov/earthquakes/eventpage/us7000lvc8
us7000lvc7,"M 4.3 - 99 km ENE of Barcelona, Philippines",4.3,2024-01-26 21:58:33.358,26-01-2024 21:58,8.5173,127.2601,10.0,Philippines,https://earthquake.usgs.gov/earthquakes/eventpage/us7000lvc7
nc73994586,"M 4.2 - 2 km N of The Geysers, CA",4.18,2024-01-26 21:28:13.530,26-01-2024 21:28,38.7911667,-122.7575,2.78,CA,https://earthquake.usgs.gov/earthquakes/eventpage/nc73994586
us7000lvc6,"M 4.0 - 81 km ENE of Loreto, Mexico",4.0,2024-01-26 21:18:33.430,26-01-2024 21:18,26.2699,-110.5853,10.0,Mexico,https://earthquake.usgs.gov/earthquakes/eventpage/us7000lvc6
us7000lvc5,M 4.6 - central Mid-Atlantic Ridge,4.6,2024-01-26 20:38:04.769,26-01-2024 20:38,3.3435,-31.3424,10.0,central Mid-Atlantic Ridge,https://earthquake.usgs.gov/earthquakes/eventpage/us7000lvc5
us7000lvc4,"M 4.3 - 86 km E of Tomioka, Japan",4.3,2024-01-26 19:44:10.666,26-01-2024 19:44,37.443,141.9884,32.123,Japan,https://earthquake.usgs.gov/earthquakes/eventpage/us7000lvc4
us7000lvc2,"M 4.3 - 56 km NNW of Finschhafen, Papua New Guinea",4.3,2024-01-26 18:59:41.113,26-01-2024 18:59,-6.1046,147.6028,61.478,Papua New Guinea,https://earthquake.usgs.gov/earthquakes/eventpage/us7000lvc2
us7000lu6j,"M 4.4 - 74 km SSW of Ollagüe, Chile",4.4,2024-01-26 18:31:45.620,26-01-2024 18:31,-21.7931,-68.6452,125.409,Chile,https://earthquake.usgs.gov/earthquakes/eventpage/us7000lu6j
us7000lu5z,"M 4.2 - 79 km W of Ollagüe, Chile",4.2,2024-01-26 16:54:21.038,26-01-2024 16:54,-21.1432,-69.0156,114.919,Chile,https://earthquake.usgs.gov/earthquakes/eventpage/us7000lu5z
us7000lu45,"M 4.5 - 128 km WNW of Aykol, China",4.5,2024-01-26 16:00:30.942,26-01-2024 16:00,41.2054,78.6426,6.274,China,https://earthquake.usgs.gov/earthquakes/eventpage/us7000lu45
us7000lu20,"M 4.4 - 53 km WSW of Cittadella del Capo, Italy",4.4,2024-01-26 15:00:25.278,26-01-2024 15:00,39.3284,15.3318,272.127,Italy,https://earthquake.usgs.gov/earthquakes/eventpage/us7000lu20
us7000lvc3,"M 4.2 - 21 km ENE of Kunigami, Japan",4.2,2024-01-26 14:06:06.333,26-01-2024 14:06,26.8289,128.3594,35.824,Japan,https://earthquake.usgs.gov/earthquakes/eventpage/us7000lvc3
us7000lvbw,M 4.0 - Carlsberg Ridge,4.0,2024-01-26 13:37:05.200,26-01-2024 13:37,8.1552,58.7446,10.0,Carlsberg Ridge,https://earthquake.usgs.gov/earthquakes/eventpage/us7000lvbw
us7000lu1f,"M 5.4 - Izu Islands, Japan region",5.4,2024-01-26 12:46:16.087,26-01-2024 12:46,29.1244,141.5556,45.09,Japan region,https://earthquake.usgs.gov/earthquakes/eventpage/us7000lu1f
us7000lu1c,M 4.8 - north of Ascension Island,4.8,2024-01-26 12:26:20.790,26-01-2024 12:26,-1.0484,-13.6427,10.0,north of Ascension Island,https://earthquake.usgs.gov/earthquakes/eventpage/us7000lu1c
us7000lu0i,"M 4.4 - 108 km WNW of Aykol, China",4.4,2024-01-26 12:05:36.743,26-01-2024 12:05,41.2621,78.9039,10.0,China,https://earthquake.usgs.gov/earthquakes/eventpage/us7000lu0i
us7000lu0c,"M 4.6 - 116 km WNW of Aykol, China",4.6,2024-01-26 11:40:45.119,26-01-2024 11:40,41.2585,78.8037,10.0,China,https://earthquake.usgs.gov/earthquakes/eventpage/us7000lu0c
us7000lty5,"M 4.5 - 120 km W of Aykol, China",4.5,2024-01-26 10:36:46.192,26-01-2024 10:36,41.1536,78.7309,10.0,China,https://earthquake.usgs.gov/earthquakes/eventpage/us7000lty5
us7000ltxy,M 4.3 - south of the Fiji Islands,4.3,2024-01-26 10:16:57.700,26-01-2024 10:16,-22.8212,-178.3553,394.332,south of the Fiji Islands,https://earthquake.usgs.gov/earthquakes/eventpage/us7000ltxy
us7000ltxx,"M 4.4 - 121 km WNW of Aykol, China",4.4,2024-01-26 10:16:48.517,26-01-2024 10:16,41.3228,78.777,10.0,China,https://earthquake.usgs.gov/earthquakes/eventpage/us7000ltxx
us7000ltxt,"M 4.2 - 54 km S of Jurm, Afghanistan",4.2,2024-01-26 09:32:56.095,26-01-2024 09:32,36.3806,70.9466,141.6,Afghanistan,https://earthquake.usgs.gov/earthquakes/eventpage/us7000ltxt
us7000ltxk,"M 4.2 - 96 km SW of Puerto Madero, Mexico",4.2,2024-01-26 09:17:11.424,26-01-2024 09:17,14.1978,-93.1343,10.0,Mexico,https://earthquake.usgs.gov/earthquakes/eventpage/us7000ltxk
us7000ltxb,"M 4.2 - 128 km SSE of Kyzyl-Suu, Kyrgyzstan",4.2,2024-01-26 08:18:00.667,26-01-2024 08:18,41.267,78.5902,10.0,Kyrgyzstan,https://earthquake.usgs.gov/earthquakes/eventpage/us7000ltxb
us7000ltx0,"M 4.7 - 11 km ENE of Solsona, Philippines",4.7,2024-01-26 07:05:37.541,26-01-2024 07:05,18.1301,120.8758,10.0,Philippines,https://earthquake.usgs.gov/earthquakes/eventpage/us7000ltx0
us7000ltwn,"M 4.6 - 5 km N of Viña del Mar, Chile",4.6,2024-01-26 06:22:16.085,26-01-2024 06:22,-32.9763,-71.5506,50.351,Chile,https://earthquake.usgs.gov/earthquakes/eventpage/us7000ltwn
us7000ltwg,"M 4.5 - 10 km SSW of Anamizu, Japan",4.5,2024-01-26 05:40:04.386,26-01-2024 05:40,37.1491,136.8406,10.0,Japan,https://earthquake.usgs.gov/earthquakes/eventpage/us7000ltwg
us7000lvbl,M 4.5 - south of the Fiji Islands,4.5,2024-01-26 03:07:19.508,26-01-2024 03:07,-26.6459,-178.2933,300.177,south of the Fiji Islands,https://earthquake.usgs.gov/earthquakes/eventpage/us7000lvbl
us7000ltvv,"M 4.1 - 119 km WNW of Aykol, China",4.1,2024-01-26 02:26:06.454,26-01-2024 02:26,41.3275,78.8006,10.0,China,https://earthquake.usgs.gov/earthquakes/eventpage/us7000ltvv
us7000lvbi,"M 4.1 - 152 km W of Attu Station, Alaska",4.1,2024-01-26 02:16:06.922,26-01-2024 02:16,53.0384,170.9437,10.0,Alaska,https://earthquake.usgs.gov/earthquakes/eventpage/us7000lvbi
us7000ltvm,"M 5.1 - 91 km NNE of Lae, Papua New Guinea",5.1,2024-01-26 01:57:20.474,26-01-2024 01:57,-5.9203,147.1839,94.358,Papua New Guinea,https://earthquake.usgs.gov/earthquakes/eventpage/us7000ltvm
us7000ltvj,"M 4.7 - 130 km WNW of Aykol, China",4.7,2024-01-26 01:55:13.585,26-01-2024 01:55,41.2564,78.6383,1.358,China,https://earthquake.usgs.gov/earthquakes/eventpage/us7000ltvj
us7000ltva,"M 4.4 - 128 km WNW of Aykol, China",4.4,2024-01-26 01:14:33.971,26-01-2024 01:14,41.2667,78.6613,4.374,China,https://earthquake.usgs.gov/earthquakes/eventpage/us7000ltva
us7000lvbh,"M 4.0 - 41 km NE of Kuji, Japan",4.0,2024-01-26 00:53:06.355,26-01-2024 00:53,40.4077,142.1662,53.737,Japan,https://earthquake.usgs.gov/earthquakes/eventpage/us7000lvbh
us7000lvbn,"M 4.1 - 18 km NW of Anamizu, Japan",4.1,2024-01-26 00:32:38.505,26-01-2024 00:32,37.3687,136.7764,9.336,Japan,https://earthquake.usgs.gov/earthquakes/eventpage/us7000lvbn
us7000ltv3,"M 4.4 - 122 km WNW of Aykol, China",4.4,2024-01-26 00:17:32.354,26-01-2024 00:17,41.2744,78.739,8.814,China,https://earthquake.usgs.gov/earthquakes/eventpage/us7000ltv3
us7000lvbm,M 4.2 - south of the Fiji Islands,4.2,2024-01-26 00:08:33.756,26-01-2024 00:08,-23.2141,-177.4055,210.372,south of the Fiji Islands,https://earthquake.usgs.gov/earthquakes/eventpage/us7000lvbm
us7000ltuw,"M 4.4 - 18 km N of San Isidro, Costa Rica",4.4,2024-01-25 23:50:40.773,25-01-2024 23:50,9.5312,-83.7184,55.183,Costa Rica,https://earthquake.usgs.gov/earthquakes/eventpage/us7000ltuw
us7000ltus,M 5.5 - north of Ascension Island,5.5,2024-01-25 23:01:02.114,25-01-2024 23:01,-1.1487,-13.9615,10.0,north of Ascension Island,https://earthquake.usgs.gov/earthquakes/eventpage/us7000ltus
us7000ltum,"M 4.7 - 132 km W of Aykol, China",4.7,2024-01-25 22:38:10.386,25-01-2024 22:38,41.1999,78.5959,10.0,China,https://earthquake.usgs.gov/earthquakes/eventpage/us7000ltum
us7000lv14,"M 4.0 - 13 km NE of Lata, Solomon Islands",4.0,2024-01-25 22:36:07.887,25-01-2024 22:36,-10.6592,165.8957,192.039,Solomon Islands,https://earthquake.usgs.gov/earthquakes/eventpage/us7000lv14
us7000lv13,"M 4.5 - 113 km SW of Isangel, Vanuatu",4.5,2024-01-25 22:28:49.700,25-01-2024 22:28,-20.1579,168.4129,10.0,Vanuatu,https://earthquake.usgs.gov/earthquakes/eventpage/us7000lv13
us7000ltub,"M 4.7 - 29 km S of La Libertad, El Salvador",4.7,2024-01-25 22:08:05.260,25-01-2024 22:08,13.2268,-89.357,80.334,El Salvador,https://earthquake.usgs.gov/earthquakes/eventpage/us7000ltub
us7000ltu6,"M 4.3 - 12 km E of Feke, Turkey",4.3,2024-01-25 22:01:50.075,25-01-2024 22:01,37.822,36.0555,10.0,Turkey,https://earthquake.usgs.gov/earthquakes/eventpage/us7000ltu6
us7000ltu9,M 4.7 - south of the Fiji Islands,4.7,2024-01-25 22:01:05.931,25-01-2024 22:01,-23.7394,-179.6542,521.296,south of the Fiji Islands,https://earthquake.usgs.gov/earthquakes/eventpage/us7000ltu9
us7000ltu7,"M 4.4 - 40 km SSE of Saiha, India",4.4,2024-01-25 21:58:08.234,25-01-2024 21:58,22.1702,93.1736,41.343,India,https://earthquake.usgs.gov/earthquakes/eventpage/us7000ltu7
us7000lv17,"M 4.1 - 127 km W of Aykol, China",4.1,2024-01-25 21:12:33.064,25-01-2024 21:12,41.1887,78.6544,10.459,China,https://earthquake.usgs.gov/earthquakes/eventpage/us7000lv17
us7000ltty,"M 4.0 - 129 km WNW of Aykol, China",4.0,2024-01-25 21:11:07.624,25-01-2024 21:11,41.2271,78.6302,10.0,China,https://earthquake.usgs.gov/earthquakes/eventpage/us7000ltty
us7000ltth,"M 5.3 - 112 km WNW of Aykol, China",5.3,2024-01-25 20:01:27.370,25-01-2024 20:01,41.2627,78.8624,10.0,China,https://earthquake.usgs.gov/earthquakes/eventpage/us7000ltth
us7000lv12,"M 4.5 - Izu Islands, Japan region",4.5,2024-01-25 19:43:23.518,25-01-2024 19:43,31.4888,139.7619,10.0,Japan region,https://earthquake.usgs.gov/earthquakes/eventpage/us7000lv12
us7000ltt2,"M 5.0 - 67 km SSW of Ollagüe, Chile",5.0,2024-01-25 18:58:12.789,25-01-2024 18:58,-21.807,-68.443,121.034,Chile,https://earthquake.usgs.gov/earthquakes/eventpage/us7000ltt2
us7000ltsx,"M 5.0 - 98 km ESE of Kimbe, Papua New Guinea",5.0,2024-01-25 18:25:12.409,25-01-2024 18:25,-6.0135,150.8948,21.238,Papua New Guinea,https://earthquake.usgs.gov/earthquakes/eventpage/us7000ltsx
us7000ltsm,"M 4.7 - 84 km W of San Antonio de los Cobres, Argentina",4.7,2024-01-25 17:51:58.843,25-01-2024 17:51,-24.1328,-67.1456,177.048,Argentina,https://earthquake.usgs.gov/earthquakes/eventpage/us7000ltsm
us7000lts5,"M 5.4 - 27 km SSE of Obock, Djibouti",5.4,2024-01-25 17:00:43.411,25-01-2024 17:00,11.7346,43.3724,10.0,Djibouti,https://earthquake.usgs.gov/earthquakes/eventpage/us7000lts5
us7000lv0x,"M 4.3 - 111 km WNW of Ambunti, Papua New Guinea",4.3,2024-01-25 15:33:32.631,25-01-2024 15:33,-4.0094,141.8376,107.535,Papua New Guinea,https://earthquake.usgs.gov/earthquakes/eventpage/us7000lv0x
us7000ltr7,"M 4.5 - 16 km N of Tafí Viejo, Argentina",4.5,2024-01-25 14:45:20.237,25-01-2024 14:45,-26.5817,-65.2602,10.0,Argentina,https://earthquake.usgs.gov/earthquakes/eventpage/us7000ltr7
us7000lv0w,"M 4.4 - 280 km WSW of Merizo Village, Guam",4.4,2024-01-25 14:43:05.291,25-01-2024 14:43,12.3999,142.2414,73.32,Guam,https://earthquake.usgs.gov/earthquakes/eventpage/us7000lv0w
us7000ltqu,"M 4.6 - 31 km S of Amlapura, Indonesia",4.6,2024-01-25 14:41:28.546,25-01-2024 14:41,-8.736,115.6407,122.306,Indonesia,https://earthquake.usgs.gov/earthquakes/eventpage/us7000ltqu
us7000ltqd,"M 5.0 - 19 km WNW of Sincik, Turkey",5.0,2024-01-25 13:04:06.941,25-01-2024 13:04,38.1238,38.4224,16.204,Turkey,https://earthquake.usgs.gov/earthquakes/eventpage/us7000ltqd
us7000ltqc,"M 4.4 - 16 km SSW of San Luis San Pedro, Mexico",4.4,2024-01-25 12:59:09.222,25-01-2024 12:59,17.1238,-100.9186,10.0,Mexico,https://earthquake.usgs.gov/earthquakes/eventpage/us7000ltqc
us7000lv0t,"M 4.6 - 179 km NE of Neiafu, Tonga",4.6,2024-01-25 12:48:24.515,25-01-2024 12:48,-17.6054,-172.6904,10.0,Tonga,https://earthquake.usgs.gov/earthquakes/eventpage/us7000lv0t
us7000ltpz,"M 5.6 - 89 km NW of Ende, Indonesia",5.6,2024-01-25 12:24:12.531,25-01-2024 12:24,-8.2065,121.1669,21.643,Indonesia,https://earthquake.usgs.gov/earthquakes/eventpage/us7000ltpz
us7000lv0q,"M 4.4 - 62 km NW of Luwuk, Indonesia",4.4,2024-01-25 11:32:20.914,25-01-2024 11:32,-0.6126,122.341,10.0,Indonesia,https://earthquake.usgs.gov/earthquakes/eventpage/us7000lv0q
us7000ltnw,"M 4.4 - 6 km ESE of Trujillo, Venezuela",4.4,2024-01-25 09:41:10.327,25-01-2024 09:41,9.3386,-70.3853,10.0,Venezuela,https://earthquake.usgs.gov/earthquakes/eventpage/us7000ltnw
us7000ltnp,"M 4.2 - 111 km WNW of Aykol, China",4.2,2024-01-25 08:59:58.632,25-01-2024 08:59,41.2379,78.8559,1.894,China,https://earthquake.usgs.gov/earthquakes/eventpage/us7000ltnp
us7000ltnn,"M 4.1 - 131 km WNW of Aykol, China",4.1,2024-01-25 08:42:49.360,25-01-2024 08:42,41.206,78.6071,6.874,China,https://earthquake.usgs.gov/earthquakes/eventpage/us7000ltnn
us7000ltnl,"M 4.1 - 112 km WNW of Aykol, China",4.1,2024-01-25 08:14:47.579,25-01-2024 08:14,41.3977,78.9336,7.096,China,https://earthquake.usgs.gov/earthquakes/eventpage/us7000ltnl
us7000lv0l,M 4.2 - southeast Indian Ridge,4.2,2024-01-25 07:32:26.442,25-01-2024 07:32,-49.9172,111.512,10.0,southeast Indian Ridge,https://earthquake.usgs.gov/earthquakes/eventpage/us7000lv0l
us7000lv0k,"M 4.4 - 177 km NNE of Fayaoué, New Caledonia",4.4,2024-01-25 07:11:38.145,25-01-2024 07:11,-19.2414,167.3486,10.0,New Caledonia,https://earthquake.usgs.gov/earthquakes/eventpage/us7000lv0k
us7000lv0r,"M 4.2 - 157 km WNW of Tobelo, Indonesia",4.2,2024-01-25 07:04:19.443,25-01-2024 07:04,2.3037,126.7166,64.606,Indonesia,https://earthquake.usgs.gov/earthquakes/eventpage/us7000lv0r
us7000ltne,M 4.6 - northern East Pacific Rise,4.6,2024-01-25 06:46:55.990,25-01-2024 06:46,8.5613,-104.0949,10.0,northern East Pacific Rise,https://earthquake.usgs.gov/earthquakes/eventpage/us7000ltne
us7000lv0i,"M 4.0 - 281 km WNW of Houma, Tonga",4.0,2024-01-25 06:42:16.395,25-01-2024 06:42,-20.276,-177.8347,495.739,Tonga,https://earthquake.usgs.gov/earthquakes/eventpage/us7000lv0i
us7000lv0j,"M 4.1 - 21 km WNW of Az Zubayr, Iraq",4.1,2024-01-25 06:39:11.963,25-01-2024 06:39,30.4408,47.4905,7.22,Iraq,https://earthquake.usgs.gov/earthquakes/eventpage/us7000lv0j
us7000lv0h,M 4.2 - southeast Indian Ridge,4.2,2024-01-25 06:15:48.511,25-01-2024 06:15,-49.8278,110.9244,10.0,southeast Indian Ridge,https://earthquake.usgs.gov/earthquakes/eventpage/us7000lv0h
us7000lv0f,"M 4.1 - 45 km E of Farkhār, Afghanistan",4.1,2024-01-25 06:01:02.981,25-01-2024 06:01,36.565,70.365,206.675,Afghanistan,https://earthquake.usgs.gov/earthquakes/eventpage/us7000lv0f
us7000lv0d,M 4.0 - south of the Fiji Islands,4.0,2024-01-25 05:30:34.546,25-01-2024 05:30,-24.9251,179.705,499.145,south of the Fiji Islands,https://earthquake.usgs.gov/earthquakes/eventpage/us7000lv0d
us7000lv0c,"M 4.3 - 131 km W of Aykol, China",4.3,2024-01-25 05:00:25.079,25-01-2024 05:00,41.104,78.5794,10.0,China,https://earthquake.usgs.gov/earthquakes/eventpage/us7000lv0c
us7000ltmy,"M 4.3 - 122 km WNW of Aykol, China",4.3,2024-01-25 04:59:22.956,25-01-2024 04:59,41.3326,78.7653,10.0,China,https://earthquake.usgs.gov/earthquakes/eventpage/us7000ltmy
us7000ltmw,"M 4.8 - 16 km ESE of Nemuro, Japan",4.8,2024-01-25 04:29:48.696,25-01-2024 04:29,43.2538,145.7559,58.98,Japan,https://earthquake.usgs.gov/earthquakes/eventpage/us7000ltmw
us7000lv0b,M 4.5 - northern Mid-Atlantic Ridge,4.5,2024-01-25 04:06:56.450,25-01-2024 04:06,16.619,-46.5057,10.0,northern Mid-Atlantic Ridge,https://earthquake.usgs.gov/earthquakes/eventpage/us7000lv0b
ci39756418,"M 4.2 - 3 km SW of San Bernardino, CA",4.24,2024-01-25 03:43:19.970,25-01-2024 03:43,34.1116667,-117.3115,15.78,CA,https://earthquake.usgs.gov/earthquakes/eventpage/ci39756418
us7000lv0g,M 4.3 - central Mid-Atlantic Ridge,4.3,2024-01-25 03:01:09.063,25-01-2024 03:01,8.5387,-39.3456,10.0,central Mid-Atlantic Ridge,https://earthquake.usgs.gov/earthquakes/eventpage/us7000lv0g
us7000ltm3,M 4.9 - central Mid-Atlantic Ridge,4.9,2024-01-25 02:36:42.518,25-01-2024 02:36,8.5028,-39.5683,10.0,central Mid-Atlantic Ridge,https://earthquake.usgs.gov/earthquakes/eventpage/us7000ltm3
us7000ltm9,M 4.8 - central Mid-Atlantic Ridge,4.8,2024-01-25 02:28:03.925,25-01-2024 02:28,8.5245,-39.4971,10.0,central Mid-Atlantic Ridge,https://earthquake.usgs.gov/earthquakes/eventpage/us7000ltm9
us7000lv07,M 4.6 - central Mid-Atlantic Ridge,4.6,2024-01-25 02:20:03.893,25-01-2024 02:20,8.7367,-39.1116,10.0,central Mid-Atlantic Ridge,https://earthquake.usgs.gov/earthquakes/eventpage/us7000lv07
us7000ltlq,"M 4.5 - 127 km WNW of Aykol, China",4.5,2024-01-25 01:43:50.877,25-01-2024 01:43,41.2756,78.6744,10.0,China,https://earthquake.usgs.gov/earthquakes/eventpage/us7000ltlq
us7000ltlk,"M 4.9 - 133 km WNW of Aykol, China",4.9,2024-01-25 01:24:34.948,25-01-2024 01:24,41.2167,78.5806,10.0,China,https://earthquake.usgs.gov/earthquakes/eventpage/us7000ltlk
us7000ltlj,"M 4.1 - 124 km WNW of Aykol, China",4.1,2024-01-25 01:13:37.442,25-01-2024 01:13,41.232,78.703,10.0,China,https://earthquake.usgs.gov/earthquakes/eventpage/us7000ltlj
us7000ltlf,"M 4.7 - 239 km SSW of Yanglong, China",4.7,2024-01-25 00:56:21.867,25-01-2024 00:56,36.9455,97.0602,10.0,China,https://earthquake.usgs.gov/earthquakes/eventpage/us7000ltlf
us7000lv0a,M 4.7 - South Sandwich Islands region,4.7,2024-01-25 00:23:46.664,25-01-2024 00:23,-60.3662,-28.7025,10.006,South Sandwich Islands region,https://earthquake.usgs.gov/earthquakes/eventpage/us7000lv0a
us7000ltl9,"M 4.0 - 11 km WSW of Santiago Laollaga, Mexico",4.0,2024-01-24 23:48:58.570,24-01-2024 23:48,16.5619,-95.3127,60.448,Mexico,https://earthquake.usgs.gov/earthquakes/eventpage/us7000ltl9
us7000ltl0,"M 5.1 - 127 km W of Aykol, China",5.1,2024-01-24 22:21:48.970,24-01-2024 22:21,41.1193,78.6392,7.536,China,https://earthquake.usgs.gov/earthquakes/eventpage/us7000ltl0
us7000ltky,"M 4.3 - 75 km N of Manado, Indonesia",4.3,2024-01-24 22:10:46.958,24-01-2024 22:10,2.165,124.7976,239.194,Indonesia,https://earthquake.usgs.gov/earthquakes/eventpage/us7000ltky
us7000ltkt,M 4.5 - Kuril Islands,4.5,2024-01-24 21:53:31.059,24-01-2024 21:53,47.3866,152.5862,95.93,Kuril Islands,https://earthquake.usgs.gov/earthquakes/eventpage/us7000ltkt
us7000ltkq,"M 4.1 - 129 km W of Aykol, China",4.1,2024-01-24 21:50:10.909,24-01-2024 21:50,41.172,78.627,10.0,China,https://earthquake.usgs.gov/earthquakes/eventpage/us7000ltkq
us7000lurr,"M 4.0 - 269 km NNE of Lospalos, Timor Leste",4.0,2024-01-24 21:48:02.959,24-01-2024 21:48,-6.2753,127.9485,354.002,Timor Leste,https://earthquake.usgs.gov/earthquakes/eventpage/us7000lurr
us7000lurq,"M 4.2 - 57 km NNW of Fangale’ounga, Tonga",4.2,2024-01-24 21:18:47.793,24-01-2024 21:18,-19.2508,-174.4555,151.542,Tonga,https://earthquake.usgs.gov/earthquakes/eventpage/us7000lurq
us7000ltkh,"M 4.4 - 35 km SE of Dannevirke, New Zealand",4.4,2024-01-24 21:14:14.410,24-01-2024 21:14,-40.3977,176.4329,23.375,New Zealand,https://earthquake.usgs.gov/earthquakes/eventpage/us7000ltkh
us7000ltk4,"M 4.2 - 119 km WNW of Aykol, China",4.2,2024-01-24 20:35:07.946,24-01-2024 20:35,41.3481,78.815,1.742,China,https://earthquake.usgs.gov/earthquakes/eventpage/us7000ltk4
us7000ltjz,"M 4.4 - 135 km W of Aykol, China",4.4,2024-01-24 20:05:03.359,24-01-2024 20:05,41.1299,78.5428,10.0,China,https://earthquake.usgs.gov/earthquakes/eventpage/us7000ltjz
us7000ltjy,"M 4.1 - 131 km W of Aykol, China",4.1,2024-01-24 19:59:55.646,24-01-2024 19:59,41.1597,78.5965,10.0,China,https://earthquake.usgs.gov/earthquakes/eventpage/us7000ltjy
us7000ltjx,"M 4.4 - 19 km NW of Kuqa, China",4.4,2024-01-24 19:51:39.674,24-01-2024 19:51,41.8287,82.7555,10.0,China,https://earthquake.usgs.gov/earthquakes/eventpage/us7000ltjx
us7000ltju,"M 4.2 - 128 km WNW of Aykol, China",4.2,2024-01-24 19:33:23.223,24-01-2024 19:33,41.2785,78.6618,10.0,China,https://earthquake.usgs.gov/earthquakes/eventpage/us7000ltju
us7000lurm,M 4.5 - southeast of Easter Island,4.5,2024-01-24 19:27:16.824,24-01-2024 19:27,-36.4475,-98.2423,10.0,southeast of Easter Island,https://earthquake.usgs.gov/earthquakes/eventpage/us7000lurm
us7000luru,"M 4.3 - 209 km SW of Fakfak, Indonesia",4.3,2024-01-24 18:49:15.324,24-01-2024 18:49,-4.4679,131.2016,47.711,Indonesia,https://earthquake.usgs.gov/earthquakes/eventpage/us7000luru
us7000ltjj,"M 4.4 - 115 km WNW of Aykol, China",4.4,2024-01-24 18:45:17.259,24-01-2024 18:45,41.3989,78.885,10.0,China,https://earthquake.usgs.gov/earthquakes/eventpage/us7000ltjj
us7000luri,"M 4.1 - 285 km SSW of Maitum, Philippines",4.1,2024-01-24 18:21:01.357,24-01-2024 18:21,3.6836,123.4543,496.671,Philippines,https://earthquake.usgs.gov/earthquakes/eventpage/us7000luri
us7000lurj,"M 4.4 - Izu Islands, Japan region",4.4,2024-01-24 18:12:54.176,24-01-2024 18:12,32.4355,141.8085,10.0,Japan region,https://earthquake.usgs.gov/earthquakes/eventpage/us7000lurj
us7000ltj2,"M 4.5 - 129 km WNW of Aykol, China",4.5,2024-01-24 17:49:08.745,24-01-2024 17:49,41.2563,78.6516,10.0,China,https://earthquake.usgs.gov/earthquakes/eventpage/us7000ltj2
us7000ltix,"M 4.4 - 41 km NNE of Kuji, Japan",4.4,2024-01-24 17:35:38.533,24-01-2024 17:35,40.4976,142.0319,61.224,Japan,https://earthquake.usgs.gov/earthquakes/eventpage/us7000ltix
us7000lurs,"M 4.1 - 268 km SSE of Ambon, Indonesia",4.1,2024-01-24 17:33:40.409,24-01-2024 17:33,-5.9778,129.0132,258.22,Indonesia,https://earthquake.usgs.gov/earthquakes/eventpage/us7000lurs
us7000lurf,"M 4.3 - 38 km E of Lamitan, Philippines",4.3,2024-01-24 16:35:53.551,24-01-2024 16:35,6.0303,126.0437,152.676,Philippines,https://earthquake.usgs.gov/earthquakes/eventpage/us7000lurf
us7000ltii,"M 4.0 - 126 km WNW of Aykol, China",4.0,2024-01-24 16:20:14.615,24-01-2024 16:20,41.2721,78.6928,10.0,China,https://earthquake.usgs.gov/earthquakes/eventpage/us7000ltii
us7000ltid,"M 4.3 - 33 km NNE of Calama, Chile",4.3,2024-01-24 16:00:51.271,24-01-2024 16:00,-22.2009,-68.7552,115.752,Chile,https://earthquake.usgs.gov/earthquakes/eventpage/us7000ltid
us7000lurd,"M 4.4 - 133 km SSE of Kyzyl-Suu, Kyrgyzstan",4.4,2024-01-24 15:04:17.552,24-01-2024 15:04,41.2214,78.5797,5.099,Kyrgyzstan,https://earthquake.usgs.gov/earthquakes/eventpage/us7000lurd
us7000lth4,"M 4.6 - 230 km ESE of Attu Station, Alaska",4.6,2024-01-24 15:02:52.443,24-01-2024 15:02,52.2294,176.4324,119.163,Alaska,https://earthquake.usgs.gov/earthquakes/eventpage/us7000lth4
us7000lth3,"M 4.5 - 129 km SSE of Kyzyl-Suu, Kyrgyzstan",4.5,2024-01-24 15:01:21.739,24-01-2024 15:01,41.2775,78.6302,10.615,Kyrgyzstan,https://earthquake.usgs.gov/earthquakes/eventpage/us7000lth3
us7000lth2,"M 5.0 - 155 km S of Vanimo, Papua New Guinea",5.0,2024-01-24 14:39:19.224,24-01-2024 14:39,-4.0857,141.2074,67.683,Papua New Guinea,https://earthquake.usgs.gov/earthquakes/eventpage/us7000lth2
us7000ltgw,"M 4.5 - 17 km SE of Dannevirke, New Zealand",4.5,2024-01-24 14:30:11.583,24-01-2024 14:30,-40.2982,176.272,10.0,New Zealand,https://earthquake.usgs.gov/earthquakes/eventpage/us7000ltgw
us7000ltgv,"M 5.1 - 25 km ESE of Dannevirke, New Zealand",5.1,2024-01-24 14:18:37.018,24-01-2024 14:18,-40.2643,176.388,10.0,New Zealand,https://earthquake.usgs.gov/earthquakes/eventpage/us7000ltgv
us7000lurc,M 4.6 - South Sandwich Islands region,4.6,2024-01-24 14:08:01.243,24-01-2024 14:08,-58.7849,-25.1032,26.375,South Sandwich Islands region,https://earthquake.usgs.gov/earthquakes/eventpage/us7000lurc
us7000lurl,"M 4.2 - 70 km W of Sado, Japan",4.2,2024-01-24 13:57:44.758,24-01-2024 13:57,37.9233,137.5649,10.0,Japan,https://earthquake.usgs.gov/earthquakes/eventpage/us7000lurl
us7000ltgs,"M 5.0 - 201 km S of Banjar, Indonesia",5.0,2024-01-24 13:49:23.071,24-01-2024 13:49,-9.0048,107.2367,22.147,Indonesia,https://earthquake.usgs.gov/earthquakes/eventpage/us7000ltgs
us7000ltgp,"M 4.6 - 48 km NNW of Dededo Village, Guam",4.6,2024-01-24 13:36:23.954,24-01-2024 13:36,13.9349,144.6994,151.599,Guam,https://earthquake.usgs.gov/earthquakes/eventpage/us7000ltgp
us7000ltgh,"M 4.4 - 50 km E of Miyazaki, Japan",4.4,2024-01-24 12:12:29.254,24-01-2024 12:12,31.8303,131.9452,36.94,Japan,https://earthquake.usgs.gov/earthquakes/eventpage/us7000ltgh
us7000ltg9,"M 4.5 - 12 km NNW of Severskaya, Russia",4.5,2024-01-24 11:19:26.454,24-01-2024 11:19,44.9619,38.6245,10.0,Russia,https://earthquake.usgs.gov/earthquakes/eventpage/us7000ltg9
us7000ltg5,"M 4.3 - 31 km SSW of Ashkāsham, Afghanistan",4.3,2024-01-24 10:46:43.342,24-01-2024 10:46,36.4175,71.4049,101.857,Afghanistan,https://earthquake.usgs.gov/earthquakes/eventpage/us7000ltg5
us7000ltg1,M 5.1 - south of the Kermadec Islands,5.1,2024-01-24 10:28:58.754,24-01-2024 10:28,-32.4874,-179.0024,45.386,south of the Kermadec Islands,https://earthquake.usgs.gov/earthquakes/eventpage/us7000ltg1
us7000lur8,M 4.5 - Kermadec Islands region,4.5,2024-01-24 10:07:19.727,24-01-2024 10:07,-29.3996,-176.6594,10.0,Kermadec Islands region,https://earthquake.usgs.gov/earthquakes/eventpage/us7000lur8
us7000ltfv,"M 4.1 - 134 km SSE of Kyzyl-Suu, Kyrgyzstan",4.1,2024-01-24 09:43:22.877,24-01-2024 09:43,41.1999,78.5466,8.837,Kyrgyzstan,https://earthquake.usgs.gov/earthquakes/eventpage/us7000ltfv
us7000ltfs,"M 4.3 - 51 km WNW of San Antonio de los Cobres, Argentina",4.3,2024-01-24 09:38:59.001,24-01-2024 09:38,-24.0925,-66.8024,196.212,Argentina,https://earthquake.usgs.gov/earthquakes/eventpage/us7000ltfs
us7000lurb,"M 4.0 - 47 km ESE of Tambolaka, Indonesia",4.0,2024-01-24 09:33:46.183,24-01-2024 09:33,-9.5773,119.639,90.668,Indonesia,https://earthquake.usgs.gov/earthquakes/eventpage/us7000lurb
us7000ltfm,"M 4.3 - 74 km ENE of Loreto, Mexico",4.3,2024-01-24 09:02:00.972,24-01-2024 09:02,26.145,-110.6236,10.0,Mexico,https://earthquake.usgs.gov/earthquakes/eventpage/us7000ltfm
us7000ltf5,"M 4.7 - 64 km ENE of Loreto, Mexico",4.7,2024-01-24 08:06:40.032,24-01-2024 08:06,26.2192,-110.7465,10.0,Mexico,https://earthquake.usgs.gov/earthquakes/eventpage/us7000ltf5
us7000ltf3,"M 5.3 - 41 km NE of Calama, Chile",5.3,2024-01-24 08:05:10.409,24-01-2024 08:05,-22.1872,-68.6463,113.11,Chile,https://earthquake.usgs.gov/earthquakes/eventpage/us7000ltf3
us7000ltei,"M 4.5 - 63 km ENE of Loreto, Mexico",4.5,2024-01-24 06:51:50.268,24-01-2024 06:51,26.1557,-110.7347,10.0,Mexico,https://earthquake.usgs.gov/earthquakes/eventpage/us7000ltei
us7000ltec,"M 5.0 - 170 km S of ‘Ohonua, Tonga",5.0,2024-01-24 06:27:18.261,24-01-2024 06:27,-22.8787,-174.9812,10.0,Tonga,https://earthquake.usgs.gov/earthquakes/eventpage/us7000ltec
us7000lte8,"M 4.3 - 237 km WNW of Houma, Tonga",4.3,2024-01-24 06:14:20.042,24-01-2024 06:14,-20.6779,-177.5273,395.258,Tonga,https://earthquake.usgs.gov/earthquakes/eventpage/us7000lte8
us7000luqx,M 4.5 - southeast of the Loyalty Islands,4.5,2024-01-24 05:24:39.401,24-01-2024 05:24,-22.522,171.0404,10.0,southeast of the Loyalty Islands,https://earthquake.usgs.gov/earthquakes/eventpage/us7000luqx
us7000lte0,"M 4.3 - 124 km WNW of Aykol, China",4.3,2024-01-24 04:58:28.049,24-01-2024 04:58,41.268,78.7106,10.0,China,https://earthquake.usgs.gov/earthquakes/eventpage/us7000lte0
us7000ltdz,"M 4.6 - 126 km ENE of Petropavlovsk-Kamchatsky, Russia",4.6,2024-01-24 04:56:25.023,24-01-2024 04:56,53.4965,160.3844,55.748,Russia,https://earthquake.usgs.gov/earthquakes/eventpage/us7000ltdz
us7000lur7,"M 4.2 - 177 km SW of Sungai Penuh, Indonesia",4.2,2024-01-24 03:58:55.498,24-01-2024 03:58,-3.3874,100.4953,26.641,Indonesia,https://earthquake.usgs.gov/earthquakes/eventpage/us7000lur7
us7000ltdr,"M 4.0 - 130 km WNW of Aykol, China",4.0,2024-01-24 03:56:26.090,24-01-2024 03:56,41.2356,78.6263,1.574,China,https://earthquake.usgs.gov/earthquakes/eventpage/us7000ltdr
us7000luqu,"M 4.2 - 232 km S of Alo, Wallis and Futuna",4.2,2024-01-24 03:37:18.144,24-01-2024 03:37,-16.3844,-177.743,440.816,Wallis and Futuna,https://earthquake.usgs.gov/earthquakes/eventpage/us7000luqu
us7000ltdh,"M 4.4 - 129 km WNW of Aykol, China",4.4,2024-01-24 02:54:04.639,24-01-2024 02:54,41.2124,78.6336,10.0,China,https://earthquake.usgs.gov/earthquakes/eventpage/us7000ltdh
us7000ltde,"M 4.3 - 34 km WNW of Naryn, Kyrgyzstan",4.3,2024-01-24 02:39:02.309,24-01-2024 02:39,41.5961,75.6471,10.0,Kyrgyzstan,https://earthquake.usgs.gov/earthquakes/eventpage/us7000ltde
us7000lurw,"M 4.2 - 32 km NE of Cabatuan, Philippines",4.2,2024-01-24 02:38:21.868,24-01-2024 02:38,12.7307,125.4334,10.0,Philippines,https://earthquake.usgs.gov/earthquakes/eventpage/us7000lurw
us7000luqt,"M 4.4 - Maug Islands region, Northern Mariana Islands",4.4,2024-01-24 02:36:20.654,24-01-2024 02:36,20.1058,145.466,10.0,Northern Mariana Islands,https://earthquake.usgs.gov/earthquakes/eventpage/us7000luqt
us7000lur4,"M 4.3 - Maug Islands region, Northern Mariana Islands",4.3,2024-01-24 02:29:08.548,24-01-2024 02:29,20.1762,145.501,10.0,Northern Mariana Islands,https://earthquake.usgs.gov/earthquakes/eventpage/us7000lur4
us7000ltd6,"M 4.2 - 125 km WNW of Aykol, China",4.2,2024-01-24 02:16:33.257,24-01-2024 02:16,41.2632,78.698,10.0,China,https://earthquake.usgs.gov/earthquakes/eventpage/us7000ltd6
us7000ltd0,"M 4.5 - 84 km N of Lae, Papua New Guinea",4.5,2024-01-24 01:59:43.709,24-01-2024 01:59,-5.9721,147.1376,85.086,Papua New Guinea,https://earthquake.usgs.gov/earthquakes/eventpage/us7000ltd0
us7000luqs,"M 4.0 - 119 km WNW of Aykol, China",4.0,2024-01-24 01:59:13.733,24-01-2024 01:59,41.4516,78.8765,10.0,China,https://earthquake.usgs.gov/earthquakes/eventpage/us7000luqs
us7000ltcx,"M 5.0 - 31 km ENE of Loreto, Mexico",5.0,2024-01-24 01:48:31.029,24-01-2024 01:48,26.1,-111.0477,10.0,Mexico,https://earthquake.usgs.gov/earthquakes/eventpage/us7000ltcx
us7000ltcs,"M 4.5 - 95 km SE of Sucúa, Ecuador",4.5,2024-01-24 01:42:11.505,24-01-2024 01:42,-3.1744,-77.6843,10.0,Ecuador,https://earthquake.usgs.gov/earthquakes/eventpage/us7000ltcs
us7000ltcm,"M 4.4 - 121 km SSE of Ak-Suu, Kyrgyzstan",4.4,2024-01-24 01:35:19.069,24-01-2024 01:35,41.4293,78.829,10.0,Kyrgyzstan,https://earthquake.usgs.gov/earthquakes/eventpage/us7000ltcm
us7000ltcl,"M 5.3 - 299 km WSW of Tual, Indonesia",5.3,2024-01-24 01:29:46.480,24-01-2024 01:29,-6.2013,130.11,136.091,Indonesia,https://earthquake.usgs.gov/earthquakes/eventpage/us7000ltcl
us7000luqr,"M 4.4 - 52 km NW of Maumere, Indonesia",4.4,2024-01-24 01:25:47.493,24-01-2024 01:25,-8.3307,121.8326,195.295,Indonesia,https://earthquake.usgs.gov/earthquakes/eventpage/us7000luqr
ak02413p4b3l,"M 4.1 - 14 km SSW of Tanana, Alaska",4.1,2024-01-24 00:37:22.661,24-01-2024 00:37,65.0544,-152.2137,12.6,Alaska,https://earthquake.usgs.gov/earthquakes/eventpage/ak02413p4b3l
us7000ltcd,"M 4.2 - 122 km WNW of Aykol, China",4.2,2024-01-24 00:15:30.297,24-01-2024 00:15,41.2112,78.7128,10.0,China,https://earthquake.usgs.gov/earthquakes/eventpage/us7000ltcd
us7000luqy,"M 4.6 - 148 km SE of Pangai, Tonga",4.6,2024-01-24 00:04:11.991,24-01-2024 00:04,-20.8738,-173.4878,10.0,Tonga,https://earthquake.usgs.gov/earthquakes/eventpage/us7000luqy
us7000lu5g,"M 4.3 - 123 km SSE of Kyzyl-Suu, Kyrgyzstan",4.3,2024-01-23 23:54:39.404,23-01-2024 23:54,41.3413,78.663,5.0,Kyrgyzstan,https://earthquake.usgs.gov/earthquakes/eventpage/us7000lu5g
us7000ltc9,"M 4.5 - 127 km SSE of Kyzyl-Suu, Kyrgyzstan",4.5,2024-01-23 23:50:06.334,23-01-2024 23:50,41.271,78.5626,10.0,Kyrgyzstan,https://earthquake.usgs.gov/earthquakes/eventpage/us7000ltc9
us7000lu5f,"M 4.3 - 223 km ENE of Levuka, Fiji",4.3,2024-01-23 23:43:37.098,23-01-2024 23:43,-17.5551,-178.6434,564.464,Fiji,https://earthquake.usgs.gov/earthquakes/eventpage/us7000lu5f
us7000ltc5,"M 4.1 - 113 km WNW of Aykol, China",4.1,2024-01-23 23:27:45.762,23-01-2024 23:27,41.3512,78.8873,10.0,China,https://earthquake.usgs.gov/earthquakes/eventpage/us7000ltc5
us7000ltc2,"M 4.6 - 34 km ESE of Rengo, Chile",4.6,2024-01-23 23:09:52.891,23-01-2024 23:09,-34.4809,-70.4929,121.727,Chile,https://earthquake.usgs.gov/earthquakes/eventpage/us7000ltc2
us7000ltbk,"M 4.4 - 117 km WNW of Aykol, China",4.4,2024-01-23 22:23:26.812,23-01-2024 22:23,41.2966,78.805,10.0,China,https://earthquake.usgs.gov/earthquakes/eventpage/us7000ltbk
us7000ltb7,"M 4.4 - 119 km SSE of Kyzyl-Suu, Kyrgyzstan",4.4,2024-01-23 21:50:42.484,23-01-2024 21:50,41.4391,78.7924,1.147,Kyrgyzstan,https://earthquake.usgs.gov/earthquakes/eventpage/us7000ltb7
us7000ltaz,"M 5.1 - 66 km SSE of Akkeshi, Japan",5.1,2024-01-23 21:33:49.499,23-01-2024 21:33,42.4583,145.0728,33.702,Japan,https://earthquake.usgs.gov/earthquakes/eventpage/us7000ltaz
us7000ltaw,"M 4.4 - 61 km ENE of Loreto, Mexico",4.4,2024-01-23 21:26:56.104,23-01-2024 21:26,26.1574,-110.7572,10.0,Mexico,https://earthquake.usgs.gov/earthquakes/eventpage/us7000ltaw
us7000lu5h,"M 4.2 - 151 km ENE of Petropavlovsk-Kamchatsky, Russia",4.2,2024-01-23 20:42:30.108,23-01-2024 20:42,53.5719,160.7313,46.298,Russia,https://earthquake.usgs.gov/earthquakes/eventpage/us7000lu5h
us7000ltaj,"M 5.2 - 131 km W of Aykol, China",5.2,2024-01-23 20:38:13.026,23-01-2024 20:38,41.1299,78.5932,10.0,China,https://earthquake.usgs.gov/earthquakes/eventpage/us7000ltaj
us7000lu58,"M 4.2 - 253 km W of Hihifo, Tonga",4.2,2024-01-23 20:08:22.140,23-01-2024 20:08,-16.2172,-176.1459,360.761,Tonga,https://earthquake.usgs.gov/earthquakes/eventpage/us7000lu58
us7000lta9,"M 4.2 - 73 km SE of Beykonak, Turkey",4.2,2024-01-23 20:04:45.719,23-01-2024 20:04,35.8484,30.8668,51.508,Turkey,https://earthquake.usgs.gov/earthquakes/eventpage/us7000lta9
us7000lta6,"M 4.1 - 129 km SSE of Kyzyl-Suu, Kyrgyzstan",4.1,2024-01-23 19:40:15.731,23-01-2024 19:40,41.223,78.4362,10.0,Kyrgyzstan,https://earthquake.usgs.gov/earthquakes/eventpage/us7000lta6
us7000lta1,"M 4.1 - 115 km WNW of Aykol, China",4.1,2024-01-23 19:20:18.563,23-01-2024 19:20,41.398,78.8923,10.0,China,https://earthquake.usgs.gov/earthquakes/eventpage/us7000lta1
us7000lt9x,"M 4.5 - 124 km WNW of Aykol, China",4.5,2024-01-23 19:11:41.410,23-01-2024 19:11,41.3288,78.7314,10.0,China,https://earthquake.usgs.gov/earthquakes/eventpage/us7000lt9x
us7000lu56,"M 4.7 - 40 km SSW of Port-Vila, Vanuatu",4.7,2024-01-23 18:54:19.995,23-01-2024 18:54,-18.0422,168.1072,41.673,Vanuatu,https://earthquake.usgs.gov/earthquakes/eventpage/us7000lu56
us7000lu5a,"M 4.4 - 42 km SW of Port-Vila, Vanuatu",4.4,2024-01-23 17:36:47.447,23-01-2024 17:36,-18.0552,168.0858,41.925,Vanuatu,https://earthquake.usgs.gov/earthquakes/eventpage/us7000lu5a
us7000lt98,"M 4.1 - 128 km WNW of Aykol, China",4.1,2024-01-23 17:25:44.419,23-01-2024 17:25,41.242,78.6499,10.0,China,https://earthquake.usgs.gov/earthquakes/eventpage/us7000lt98
us7000lu5d,"M 4.3 - 10 km ENE of Orkney, South Africa",4.3,2024-01-23 17:18:03.991,23-01-2024 17:18,-26.9605,26.7736,5.0,South Africa,https://earthquake.usgs.gov/earthquakes/eventpage/us7000lu5d
us7000lt7p,"M 4.6 - 82 km WSW of Coquimbo, Chile",4.6,2024-01-23 16:06:56.091,23-01-2024 16:06,-30.1633,-72.1573,10.375,Chile,https://earthquake.usgs.gov/earthquakes/eventpage/us7000lt7p
us7000lt7v,"M 4.9 - Kermadec Islands, New Zealand",4.9,2024-01-23 16:06:24.008,23-01-2024 16:06,-29.7782,-178.4639,125.704,New Zealand,https://earthquake.usgs.gov/earthquakes/eventpage/us7000lt7v
us7000lu54,"M 4.3 - 131 km S of Bengkulu, Indonesia",4.3,2024-01-23 15:55:46.292,23-01-2024 15:55,-4.9916,102.2303,34.04,Indonesia,https://earthquake.usgs.gov/earthquakes/eventpage/us7000lu54
us7000lt7g,"M 4.1 - 124 km SE of Kuqa, China",4.1,2024-01-23 15:30:28.690,23-01-2024 15:30,40.8884,83.9405,12.851,China,https://earthquake.usgs.gov/earthquakes/eventpage/us7000lt7g
us7000lu51,"M 5.1 - 25 km SSW of Port-Vila, Vanuatu",5.1,2024-01-23 15:26:29.426,23-01-2024 15:26,-17.9343,168.1974,10.435,Vanuatu,https://earthquake.usgs.gov/earthquakes/eventpage/us7000lu51
us7000lt7f,"M 5.0 - Volcano Islands, Japan region",5.0,2024-01-23 15:22:26.387,23-01-2024 15:22,25.2791,141.3262,144.706,Japan region,https://earthquake.usgs.gov/earthquakes/eventpage/us7000lt7f
us7000lu52,M 4.3 - north of Severnaya Zemlya,4.3,2024-01-23 15:20:47.591,23-01-2024 15:20,83.1644,115.6194,10.0,north of Severnaya Zemlya,https://earthquake.usgs.gov/earthquakes/eventpage/us7000lu52
us7000lt7a,"M 4.4 - 38 km NNE of Chilecito, Argentina",4.4,2024-01-23 15:13:32.655,23-01-2024 15:13,-28.8236,-67.4054,122.91,Argentina,https://earthquake.usgs.gov/earthquakes/eventpage/us7000lt7a
us7000lt73,"M 6.3 - 39 km SW of Port-Vila, Vanuatu",6.3,2024-01-23 14:33:45.022,23-01-2024 14:33,-17.9827,168.0499,31.0,Vanuatu,https://earthquake.usgs.gov/earthquakes/eventpage/us7000lt73
us7000lu50,"M 4.5 - 26 km E of Lamitan, Philippines",4.5,2024-01-23 14:30:17.986,23-01-2024 14:30,6.1179,125.9406,148.334,Philippines,https://earthquake.usgs.gov/earthquakes/eventpage/us7000lu50
us7000lu4z,M 4.6 - south of the Fiji Islands,4.6,2024-01-23 14:26:02.713,23-01-2024 14:26,-22.6917,-179.5724,586.882,south of the Fiji Islands,https://earthquake.usgs.gov/earthquakes/eventpage/us7000lu4z
us7000lt70,"M 4.3 - 127 km WNW of Aykol, China",4.3,2024-01-23 14:08:54.064,23-01-2024 14:08,41.2928,78.6887,5.059,China,https://earthquake.usgs.gov/earthquakes/eventpage/us7000lt70
us7000lt6x,"M 4.5 - 121 km SSE of Kyzyl-Suu, Kyrgyzstan",4.5,2024-01-23 13:47:18.515,23-01-2024 13:47,41.379,78.7015,4.118,Kyrgyzstan,https://earthquake.usgs.gov/earthquakes/eventpage/us7000lt6x
us7000lu4y,"M 4.4 - 127 km WNW of Aykol, China",4.4,2024-01-23 13:36:22.680,23-01-2024 13:36,41.221,78.6582,4.395,China,https://earthquake.usgs.gov/earthquakes/eventpage/us7000lu4y
us7000lu4x,"M 4.6 - 281 km SSE of Port Blair, India",4.6,2024-01-23 13:21:45.341,23-01-2024 13:21,9.4331,93.989,10.0,India,https://earthquake.usgs.gov/earthquakes/eventpage/us7000lu4x
us7000lu4w,"M 4.5 - 272 km SSE of Port Blair, India",4.5,2024-01-23 13:07:54.804,23-01-2024 13:07,9.5148,93.9579,10.0,India,https://earthquake.usgs.gov/earthquakes/eventpage/us7000lu4w
us7000lt6j,"M 4.4 - 14 km W of Mazo Cruz, Peru",4.4,2024-01-23 12:51:52.138,23-01-2024 12:51,-16.7544,-69.8477,168.976,Peru,https://earthquake.usgs.gov/earthquakes/eventpage/us7000lt6j
us7000lu4u,"M 4.4 - 49 km E of Ambunti, Papua New Guinea",4.4,2024-01-23 12:26:07.665,23-01-2024 12:26,-4.2455,143.2666,88.517,Papua New Guinea,https://earthquake.usgs.gov/earthquakes/eventpage/us7000lu4u
us7000lt6h,"M 4.6 - 113 km WNW of Aykol, China",4.6,2024-01-23 12:09:29.168,23-01-2024 12:09,41.2492,78.8369,10.0,China,https://earthquake.usgs.gov/earthquakes/eventpage/us7000lt6h
us7000lu4t,"M 4.5 - 66 km NNE of Sanana, Indonesia",4.5,2024-01-23 11:38:37.486,23-01-2024 11:38,-1.5368,126.2728,10.0,Indonesia,https://earthquake.usgs.gov/earthquakes/eventpage/us7000lu4t
us7000lt6e,"M 4.4 - 126 km W of Aykol, China",4.4,2024-01-23 11:31:34.991,23-01-2024 11:31,41.1859,78.6578,10.0,China,https://earthquake.usgs.gov/earthquakes/eventpage/us7000lt6e
us7000lt69,"M 4.3 - 121 km WNW of Aykol, China",4.3,2024-01-23 11:07:05.807,23-01-2024 11:07,41.3226,78.7753,10.0,China,https://earthquake.usgs.gov/earthquakes/eventpage/us7000lt69
us7000lt65,M 4.5 - south of the Fiji Islands,4.5,2024-01-23 10:43:34.084,23-01-2024 10:43,-23.3749,-179.8136,530.084,south of the Fiji Islands,https://earthquake.usgs.gov/earthquakes/eventpage/us7000lt65
us7000lt5w,"M 4.3 - 127 km WNW of Aykol, China",4.3,2024-01-23 10:05:57.912,23-01-2024 10:05,41.2419,78.6698,10.0,China,https://earthquake.usgs.gov/earthquakes/eventpage/us7000lt5w
us7000lt5s,"M 4.4 - 57 km NNW of Insrom, Indonesia",4.4,2024-01-23 09:54:39.850,23-01-2024 09:54,-0.6371,135.9108,20.473,Indonesia,https://earthquake.usgs.gov/earthquakes/eventpage/us7000lt5s
us7000lt5q,"M 4.4 - 127 km WNW of Aykol, China",4.4,2024-01-23 09:47:20.843,23-01-2024 09:47,41.2567,78.6735,10.0,China,https://earthquake.usgs.gov/earthquakes/eventpage/us7000lt5q
us7000lt5m,"M 4.2 - 122 km WNW of Aykol, China",4.2,2024-01-23 09:24:48.264,23-01-2024 09:24,41.369,78.7846,10.0,China,https://earthquake.usgs.gov/earthquakes/eventpage/us7000lt5m
us7000lt5k,"M 4.6 - 130 km W of Aykol, China",4.6,2024-01-23 09:23:21.651,23-01-2024 09:23,41.1438,78.5982,10.0,China,https://earthquake.usgs.gov/earthquakes/eventpage/us7000lt5k
us7000lu5p,"M 4.4 - 128 km W of Aykol, China",4.4,2024-01-23 09:10:11.463,23-01-2024 09:10,41.1657,78.6323,10.0,China,https://earthquake.usgs.gov/earthquakes/eventpage/us7000lu5p
us7000lt5h,"M 4.9 - 119 km WNW of Aykol, China",4.9,2024-01-23 09:07:11.636,23-01-2024 09:07,41.239,78.766,10.0,China,https://earthquake.usgs.gov/earthquakes/eventpage/us7000lt5h
us7000lu4p,"M 4.6 - 67 km SSE of Padang, Indonesia",4.6,2024-01-23 09:05:01.768,23-01-2024 09:05,-1.5186,100.5675,88.018,Indonesia,https://earthquake.usgs.gov/earthquakes/eventpage/us7000lu4p
us7000lu4n,"M 4.2 - 262 km NW of Houma, Tonga",4.2,2024-01-23 08:40:48.720,23-01-2024 08:40,-19.6927,-177.2679,404.476,Tonga,https://earthquake.usgs.gov/earthquakes/eventpage/us7000lu4n
us7000lt5c,"M 4.1 - 126 km SSE of Kyzyl-Suu, Kyrgyzstan",4.1,2024-01-23 07:31:52.856,23-01-2024 07:31,41.3215,78.6702,10.0,Kyrgyzstan,https://earthquake.usgs.gov/earthquakes/eventpage/us7000lt5c
us7000lt58,"M 4.3 - 123 km WNW of Aykol, China",4.3,2024-01-23 07:19:17.537,23-01-2024 07:19,41.1846,78.6917,10.0,China,https://earthquake.usgs.gov/earthquakes/eventpage/us7000lt58
us7000lt57,"M 4.0 - 125 km W of Aykol, China",4.0,2024-01-23 07:06:37.682,23-01-2024 07:06,41.1431,78.6587,10.0,China,https://earthquake.usgs.gov/earthquakes/eventpage/us7000lt57
us7000lu4j,"M 4.2 - 53 km NW of Neiafu, Tonga",4.2,2024-01-23 06:44:19.238,23-01-2024 06:44,-18.3313,-174.3662,61.166,Tonga,https://earthquake.usgs.gov/earthquakes/eventpage/us7000lu4j
us7000lt54,"M 4.3 - 127 km W of Aykol, China",4.3,2024-01-23 06:41:09.982,23-01-2024 06:41,41.1596,78.6372,10.0,China,https://earthquake.usgs.gov/earthquakes/eventpage/us7000lt54
us7000lu4s,"M 4.4 - 36 km E of Port-Vila, Vanuatu",4.4,2024-01-23 06:15:06.237,23-01-2024 06:15,-17.6903,168.6539,214.181,Vanuatu,https://earthquake.usgs.gov/earthquakes/eventpage/us7000lu4s
us7000lt4u,"M 4.3 - 35 km S of Kastrí, Greece",4.3,2024-01-23 05:28:04.632,23-01-2024 05:28,34.5242,24.1547,34.25,Greece,https://earthquake.usgs.gov/earthquakes/eventpage/us7000lt4u
nc73992726,"M 4.3 - 16 km WSW of Klamath, CA",4.33,2024-01-23 05:26:10.410,23-01-2024 05:26,41.499,-124.2015,35.68,CA,https://earthquake.usgs.gov/earthquakes/eventpage/nc73992726
us7000lu4g,"M 4.3 - 297 km SSE of Port Blair, India",4.3,2024-01-23 05:12:00.608,23-01-2024 05:12,9.2344,93.901,10.0,India,https://earthquake.usgs.gov/earthquakes/eventpage/us7000lu4g
us7000lt4k,"M 4.5 - 97 km WSW of Coquimbo, Chile",4.5,2024-01-23 05:05:07.112,23-01-2024 05:05,-30.176,-72.3177,10.0,Chile,https://earthquake.usgs.gov/earthquakes/eventpage/us7000lt4k
us7000lu4f,M 4.5 - south of the Fiji Islands,4.5,2024-01-23 04:48:58.601,23-01-2024 04:48,-24.2821,179.7666,546.387,south of the Fiji Islands,https://earthquake.usgs.gov/earthquakes/eventpage/us7000lu4f
us7000lu4d,"M 4.1 - 119 km WNW of Aykol, China",4.1,2024-01-23 04:31:02.110,23-01-2024 04:31,41.2653,78.7671,10.0,China,https://earthquake.usgs.gov/earthquakes/eventpage/us7000lu4d
us7000lt4j,"M 4.6 - Izu Islands, Japan region",4.6,2024-01-23 04:30:58.404,23-01-2024 04:30,32.4784,141.896,10.0,Japan region,https://earthquake.usgs.gov/earthquakes/eventpage/us7000lt4j
us7000lt4d,"M 4.0 - 126 km W of Aykol, China",4.0,2024-01-23 04:25:48.497,23-01-2024 04:25,41.1741,78.6587,10.0,China,https://earthquake.usgs.gov/earthquakes/eventpage/us7000lt4d
us7000lu4e,"M 4.0 - 117 km WNW of Aykol, China",4.0,2024-01-23 04:21:22.850,23-01-2024 04:21,41.3667,78.8382,10.0,China,https://earthquake.usgs.gov/earthquakes/eventpage/us7000lu4e
us7000lu4q,M 4.5 - South Sandwich Islands region,4.5,2024-01-23 04:18:31.639,23-01-2024 04:18,-59.0419,-25.0702,10.0,South Sandwich Islands region,https://earthquake.usgs.gov/earthquakes/eventpage/us7000lu4q
us7000lt4a,"M 4.1 - 132 km SSE of Kyzyl-Suu, Kyrgyzstan",4.1,2024-01-23 04:13:32.412,23-01-2024 04:13,41.23,78.5883,10.0,Kyrgyzstan,https://earthquake.usgs.gov/earthquakes/eventpage/us7000lt4a
us7000lt45,"M 4.8 - 202 km SE of Fakfak, Indonesia",4.8,2024-01-23 04:07:20.413,23-01-2024 04:07,-4.0114,133.7644,10.0,Indonesia,https://earthquake.usgs.gov/earthquakes/eventpage/us7000lt45
us7000lt48,M 5.4 - southeast of Easter Island,5.4,2024-01-23 04:02:41.437,23-01-2024 04:02,-36.0606,-100.7768,10.0,southeast of Easter Island,https://earthquake.usgs.gov/earthquakes/eventpage/us7000lt48
us7000lt3t,"M 4.7 - 120 km WNW of Aykol, China",4.7,2024-01-23 04:01:22.322,23-01-2024 04:01,41.3613,78.8068,10.0,China,https://earthquake.usgs.gov/earthquakes/eventpage/us7000lt3t
us7000lu4c,"M 4.2 - 122 km WNW of Aykol, China",4.2,2024-01-23 03:52:34.790,23-01-2024 03:52,41.3095,78.7494,14.138,China,https://earthquake.usgs.gov/earthquakes/eventpage/us7000lu4c
us7000lt3s,"M 4.4 - 123 km WNW of Aykol, China",4.4,2024-01-23 03:52:21.749,23-01-2024 03:52,41.3649,78.7635,10.0,China,https://earthquake.usgs.gov/earthquakes/eventpage/us7000lt3s
us7000lu4l,"M 4.1 - 117 km SSE of Kyzyl-Suu, Kyrgyzstan",4.1,2024-01-23 02:58:38.646,23-01-2024 02:58,41.4491,78.7587,10.0,Kyrgyzstan,https://earthquake.usgs.gov/earthquakes/eventpage/us7000lu4l
us7000lt3a,"M 4.4 - 131 km SSE of Kyzyl-Suu, Kyrgyzstan",4.4,2024-01-23 02:11:24.002,23-01-2024 02:11,41.2364,78.5704,10.0,Kyrgyzstan,https://earthquake.usgs.gov/earthquakes/eventpage/us7000lt3a
us7000lt38,"M 4.0 - 131 km W of Aykol, China",4.0,2024-01-23 01:58:31.794,23-01-2024 01:58,41.1224,78.5826,10.0,China,https://earthquake.usgs.gov/earthquakes/eventpage/us7000lt38
us7000lu5k,M 4.1 - Norwegian Sea,4.1,2024-01-23 01:53:25.720,23-01-2024 01:53,72.4721,3.3854,10.0,Norwegian Sea,https://earthquake.usgs.gov/earthquakes/eventpage/us7000lu5k
us7000lu5j,"M 4.5 - 124 km WNW of Aykol, China",4.5,2024-01-23 01:52:56.467,23-01-2024 01:52,41.354,78.7466,10.0,China,https://earthquake.usgs.gov/earthquakes/eventpage/us7000lu5j
us7000lt35,"M 4.1 - 109 km WNW of Aykol, China",4.1,2024-01-23 01:52:13.413,23-01-2024 01:52,41.4363,78.9949,10.0,China,https://earthquake.usgs.gov/earthquakes/eventpage/us7000lt35
us7000lu4k,"M 4.0 - 128 km WNW of Aykol, China",4.0,2024-01-23 01:43:15.969,23-01-2024 01:43,41.2102,78.6429,10.0,China,https://earthquake.usgs.gov/earthquakes/eventpage/us7000lu4k
us7000lu4a,"M 4.6 - 125 km WNW of Aykol, China",4.6,2024-01-23 01:40:23.542,23-01-2024 01:40,41.2376,78.6827,10.0,China,https://earthquake.usgs.gov/earthquakes/eventpage/us7000lu4a
us7000lt2y,"M 5.3 - 119 km WNW of Aykol, China",5.3,2024-01-23 01:18:40.538,23-01-2024 01:18,41.2353,78.7576,3.426,China,https://earthquake.usgs.gov/earthquakes/eventpage/us7000lt2y
us7000lt2u,"M 4.1 - 261 km WNW of Houma, Tonga",4.1,2024-01-23 01:01:54.636,23-01-2024 01:01,-20.2536,-177.6107,499.827,Tonga,https://earthquake.usgs.gov/earthquakes/eventpage/us7000lt2u
us7000lu4h,"M 4.2 - 114 km WNW of Aykol, China",4.2,2024-01-23 00:22:28.281,23-01-2024 00:22,41.3688,78.891,8.833,China,https://earthquake.usgs.gov/earthquakes/eventpage/us7000lu4h
us7000lt2j,"M 4.7 - 127 km W of Aykol, China",4.7,2024-01-23 00:12:40.167,23-01-2024 00:12,41.1899,78.6491,10.0,China,https://earthquake.usgs.gov/earthquakes/eventpage/us7000lt2j
us7000lu49,"M 4.0 - 140 km SSE of Kyzyl-Suu, Kyrgyzstan",4.0,2024-01-23 00:06:50.642,23-01-2024 00:06,41.1314,78.4813,10.0,Kyrgyzstan,https://earthquake.usgs.gov/earthquakes/eventpage/us7000lu49
us7000lt2g,"M 4.4 - 135 km W of Aykol, China",4.4,2024-01-22 23:56:19.612,22-01-2024 23:56,41.1752,78.5545,10.0,China,https://earthquake.usgs.gov/earthquakes/eventpage/us7000lt2g
us7000lt2f,"M 4.5 - 131 km W of Aykol, China",4.5,2024-01-22 23:55:34.640,22-01-2024 23:55,41.1675,78.5915,9.183,China,https://earthquake.usgs.gov/earthquakes/eventpage/us7000lt2f
us7000lu3r,"M 4.2 - 5 km SSE of Gojō, Japan",4.2,2024-01-22 23:45:41.592,22-01-2024 23:45,34.3042,135.7257,67.382,Japan,https://earthquake.usgs.gov/earthquakes/eventpage/us7000lu3r
us7000lu3h,"M 4.2 - 130 km WNW of Aykol, China",4.2,2024-01-22 23:44:28.615,22-01-2024 23:44,41.2605,78.6373,5.941,China,https://earthquake.usgs.gov/earthquakes/eventpage/us7000lu3h
us7000lt29,"M 5.1 - 121 km WNW of Aykol, China",5.1,2024-01-22 23:19:25.792,22-01-2024 23:19,41.1968,78.7302,7.148,China,https://earthquake.usgs.gov/earthquakes/eventpage/us7000lt29
us7000lu3f,"M 4.2 - 180 km NE of Santa Cruz das Flores, Portugal",4.2,2024-01-22 23:11:28.135,22-01-2024 23:11,40.5952,-29.626,10.0,Portugal,https://earthquake.usgs.gov/earthquakes/eventpage/us7000lu3f
us7000lt27,"M 4.6 - 122 km WNW of Aykol, China",4.6,2024-01-22 23:03:25.504,22-01-2024 23:03,41.336,78.7655,7.409,China,https://earthquake.usgs.gov/earthquakes/eventpage/us7000lt27
us7000lt25,"M 4.4 - 131 km WNW of Aykol, China",4.4,2024-01-22 22:56:41.684,22-01-2024 22:56,41.241,78.6174,10.0,China,https://earthquake.usgs.gov/earthquakes/eventpage/us7000lt25
us7000lt23,"M 4.4 - 132 km WNW of Aykol, China",4.4,2024-01-22 22:40:26.351,22-01-2024 22:40,41.224,78.6032,10.0,China,https://earthquake.usgs.gov/earthquakes/eventpage/us7000lt23
us7000lt1x,"M 5.4 - 84 km WSW of Coquimbo, Chile",5.4,2024-01-22 22:30:11.367,22-01-2024 22:30,-30.1991,-72.1731,10.0,Chile,https://earthquake.usgs.gov/earthquakes/eventpage/us7000lt1x
us7000lt1u,"M 4.2 - 129 km W of Aykol, China",4.2,2024-01-22 22:20:04.138,22-01-2024 22:20,41.1837,78.6216,10.0,China,https://earthquake.usgs.gov/earthquakes/eventpage/us7000lt1u
us7000lt1m,"M 4.3 - 126 km SSE of Kyzyl-Suu, Kyrgyzstan",4.3,2024-01-22 22:09:00.188,22-01-2024 22:09,41.3363,78.7099,10.0,Kyrgyzstan,https://earthquake.usgs.gov/earthquakes/eventpage/us7000lt1m
us7000lt1k,"M 4.5 - 61 km SSW of Champerico, Guatemala",4.5,2024-01-22 22:05:08.235,22-01-2024 22:05,13.7626,-92.0903,34.469,Guatemala,https://earthquake.usgs.gov/earthquakes/eventpage/us7000lt1k
us7000lu3c,"M 4.3 - 58 km SSW of Champerico, Guatemala",4.3,2024-01-22 21:54:36.632,22-01-2024 21:54,13.7916,-92.0689,21.626,Guatemala,https://earthquake.usgs.gov/earthquakes/eventpage/us7000lu3c
us7000lt1e,"M 4.6 - 57 km SSW of Champerico, Guatemala",4.6,2024-01-22 21:52:54.093,22-01-2024 21:52,13.8003,-92.0793,35.251,Guatemala,https://earthquake.usgs.gov/earthquakes/eventpage/us7000lt1e
us7000m11a,"M 4.1 - 126 km WNW of Aykol, China",4.1,2024-01-22 21:50:44.744,22-01-2024 21:50,41.3089,78.6998,2.598,China,https://earthquake.usgs.gov/earthquakes/eventpage/us7000m11a
us7000lu3d,"M 4.5 - 128 km SSE of Kyzyl-Suu, Kyrgyzstan",4.5,2024-01-22 21:49:15.709,22-01-2024 21:49,41.2838,78.6414,9.645,Kyrgyzstan,https://earthquake.usgs.gov/earthquakes/eventpage/us7000lu3d
us7000lt1d,"M 5.2 - 122 km WNW of Aykol, China",5.2,2024-01-22 21:43:05.717,22-01-2024 21:43,41.2285,78.7236,10.0,China,https://earthquake.usgs.gov/earthquakes/eventpage/us7000lt1d
us7000lt1a,"M 4.5 - 113 km WNW of Aykol, China",4.5,2024-01-22 21:38:36.584,22-01-2024 21:38,41.3296,78.8771,10.0,China,https://earthquake.usgs.gov/earthquakes/eventpage/us7000lt1a
us7000lu3q,"M 4.2 - 128 km WNW of Aykol, China",4.2,2024-01-22 21:25:43.445,22-01-2024 21:25,41.2177,78.6482,10.0,China,https://earthquake.usgs.gov/earthquakes/eventpage/us7000lu3q
us7000lu39,"M 4.3 - 134 km S of Modisi, Indonesia",4.3,2024-01-22 21:25:14.810,22-01-2024 21:25,-0.7631,124.3421,80.582,Indonesia,https://earthquake.usgs.gov/earthquakes/eventpage/us7000lu39
us7000lu38,"M 4.2 - 134 km W of Aykol, China",4.2,2024-01-22 21:21:02.786,22-01-2024 21:21,41.121,78.5479,9.296,China,https://earthquake.usgs.gov/earthquakes/eventpage/us7000lu38
us7000lt16,"M 4.9 - 131 km WNW of Aykol, China",4.9,2024-01-22 21:16:44.640,22-01-2024 21:16,41.2049,78.6,10.0,China,https://earthquake.usgs.gov/earthquakes/eventpage/us7000lt16
us7000lu37,"M 4.0 - 135 km SSE of Kyzyl-Suu, Kyrgyzstan",4.0,2024-01-22 21:12:42.390,22-01-2024 21:12,41.1809,78.5201,6.97,Kyrgyzstan,https://earthquake.usgs.gov/earthquakes/eventpage/us7000lu37
us7000lu36,"M 4.2 - 127 km WNW of Aykol, China",4.2,2024-01-22 21:04:18.933,22-01-2024 21:04,41.2691,78.6723,6.728,China,https://earthquake.usgs.gov/earthquakes/eventpage/us7000lu36
us7000lt11,"M 4.6 - 118 km WNW of Aykol, China",4.6,2024-01-22 20:57:13.124,22-01-2024 20:57,41.3163,78.8111,10.0,China,https://earthquake.usgs.gov/earthquakes/eventpage/us7000lt11
us7000lu35,"M 4.1 - 128 km SSE of Kyzyl-Suu, Kyrgyzstan",4.1,2024-01-22 20:48:35.535,22-01-2024 20:48,41.2936,78.6642,10.0,Kyrgyzstan,https://earthquake.usgs.gov/earthquakes/eventpage/us7000lu35
us7000lt0u,"M 4.9 - 123 km WNW of Aykol, China",4.9,2024-01-22 20:29:31.005,22-01-2024 20:29,41.255,78.7239,10.0,China,https://earthquake.usgs.gov/earthquakes/eventpage/us7000lt0u
us7000lu3l,"M 4.1 - 130 km W of Aykol, China",4.1,2024-01-22 20:08:46.558,22-01-2024 20:08,41.1415,78.6075,10.0,China,https://earthquake.usgs.gov/earthquakes/eventpage/us7000lu3l
us7000lu32,"M 4.4 - 293 km SSE of Port Blair, India",4.4,2024-01-22 20:07:23.967,22-01-2024 20:07,9.322,93.9969,10.0,India,https://earthquake.usgs.gov/earthquakes/eventpage/us7000lu32
us7000lu33,"M 4.2 - 128 km WNW of Aykol, China",4.2,2024-01-22 19:59:53.368,22-01-2024 19:59,41.216,78.6498,10.0,China,https://earthquake.usgs.gov/earthquakes/eventpage/us7000lu33
us7000lu40,"M 4.7 - 126 km WNW of Aykol, China",4.7,2024-01-22 19:40:36.529,22-01-2024 19:40,41.2429,78.6727,10.0,China,https://earthquake.usgs.gov/earthquakes/eventpage/us7000lu40
us7000lt0j,"M 5.5 - 128 km WNW of Aykol, China",5.5,2024-01-22 19:36:47.834,22-01-2024 19:36,41.2085,78.6438,10.0,China,https://earthquake.usgs.gov/earthquakes/eventpage/us7000lt0j
us7000lu31,"M 4.3 - 130 km WNW of Aykol, China",4.3,2024-01-22 19:31:49.102,22-01-2024 19:31,41.2543,78.6301,10.0,China,https://earthquake.usgs.gov/earthquakes/eventpage/us7000lu31
us7000lu2x,"M 4.3 - Bonin Islands, Japan region",4.3,2024-01-22 19:29:07.041,22-01-2024 19:29,27.3387,143.133,10.0,Japan region,https://earthquake.usgs.gov/earthquakes/eventpage/us7000lu2x
us7000lu30,"M 4.3 - 134 km W of Aykol, China",4.3,2024-01-22 19:21:10.621,22-01-2024 19:21,41.1729,78.5641,10.0,China,https://earthquake.usgs.gov/earthquakes/eventpage/us7000lu30
us7000lu2y,"M 4.4 - 128 km W of Aykol, China",4.4,2024-01-22 19:20:20.794,22-01-2024 19:20,41.1798,78.6301,10.0,China,https://earthquake.usgs.gov/earthquakes/eventpage/us7000lu2y
us7000lu2z,"M 4.2 - 115 km WNW of Aykol, China",4.2,2024-01-22 19:17:10.555,22-01-2024 19:17,41.3479,78.8597,10.0,China,https://earthquake.usgs.gov/earthquakes/eventpage/us7000lu2z
us7000lt0d,"M 4.7 - 13 km N of Jordán, Colombia",4.7,2024-01-22 19:05:50.061,22-01-2024 19:05,6.8566,-73.0861,152.431,Colombia,https://earthquake.usgs.gov/earthquakes/eventpage/us7000lt0d
us7000lt09,"M 4.8 - 124 km WNW of Aykol, China",4.8,2024-01-22 18:50:43.143,22-01-2024 18:50,41.3654,78.7512,10.0,China,https://earthquake.usgs.gov/earthquakes/eventpage/us7000lt09
us7000lu3b,"M 4.3 - 127 km WNW of Aykol, China",4.3,2024-01-22 18:49:28.763,22-01-2024 18:49,41.1949,78.6566,10.0,China,https://earthquake.usgs.gov/earthquakes/eventpage/us7000lu3b
us7000lt02,"M 5.4 - 124 km WNW of Aykol, China",5.4,2024-01-22 18:42:33.209,22-01-2024 18:42,41.3408,78.7444,10.0,China,https://earthquake.usgs.gov/earthquakes/eventpage/us7000lt02
us7000lu2v,"M 4.6 - 126 km WNW of Aykol, China",4.6,2024-01-22 18:39:02.968,22-01-2024 18:39,41.247,78.6748,10.0,China,https://earthquake.usgs.gov/earthquakes/eventpage/us7000lu2v
us7000lu2u,"M 4.4 - 119 km WNW of Aykol, China",4.4,2024-01-22 18:36:31.436,22-01-2024 18:36,41.3356,78.8085,10.0,China,https://earthquake.usgs.gov/earthquakes/eventpage/us7000lu2u
us7000lszy,"M 5.0 - 137 km W of Aykol, China",5.0,2024-01-22 18:32:41.383,22-01-2024 18:32,41.1517,78.5204,10.0,China,https://earthquake.usgs.gov/earthquakes/eventpage/us7000lszy
us7000lu3y,"M 4.7 - 129 km W of Aykol, China",4.7,2024-01-22 18:30:08.823,22-01-2024 18:30,41.1614,78.6242,10.0,China,https://earthquake.usgs.gov/earthquakes/eventpage/us7000lu3y
us7000lu2t,"M 4.9 - 125 km WNW of Aykol, China",4.9,2024-01-22 18:29:23.210,22-01-2024 18:29,41.1935,78.678,10.0,China,https://earthquake.usgs.gov/earthquakes/eventpage/us7000lu2t
us7000lu3a,"M 4.6 - 132 km W of Aykol, China",4.6,2024-01-22 18:27:22.563,22-01-2024 18:27,41.1176,78.569,10.0,China,https://earthquake.usgs.gov/earthquakes/eventpage/us7000lu3a
us7000lu3e,"M 5.3 - 131 km SSE of Kyzyl-Suu, Kyrgyzstan",5.3,2024-01-22 18:17:07.591,22-01-2024 18:17,41.2209,78.5081,10.0,Kyrgyzstan,https://earthquake.usgs.gov/earthquakes/eventpage/us7000lu3e
us7000lt1i,"M 5.8 - 129 km SSE of Kyzyl-Suu, Kyrgyzstan",5.8,2024-01-22 18:14:16.160,22-01-2024 18:14,41.2703,78.6211,10.0,Kyrgyzstan,https://earthquake.usgs.gov/earthquakes/eventpage/us7000lt1i
us7000lsze,"M 7.0 - 128 km WNW of Aykol, China",7.0,2024-01-22 18:09:04.340,22-01-2024 18:09,41.2555,78.6538,13.0,China,https://earthquake.usgs.gov/earthquakes/eventpage/us7000lsze
us7000lu2s,"M 4.1 - Izu Islands, Japan region",4.1,2024-01-22 17:38:25.504,22-01-2024 17:38,31.4284,139.615,10.0,Japan region,https://earthquake.usgs.gov/earthquakes/eventpage/us7000lu2s
us7000lsz5,M 5.4 - Carlsberg Ridge,5.4,2024-01-22 17:27:25.350,22-01-2024 17:27,3.821,63.3376,10.0,Carlsberg Ridge,https://earthquake.usgs.gov/earthquakes/eventpage/us7000lsz5
us7000lsz3,"M 4.3 - 11 km S of Anamizu, Japan",4.3,2024-01-22 17:13:20.514,22-01-2024 17:13,37.1299,136.8792,10.0,Japan,https://earthquake.usgs.gov/earthquakes/eventpage/us7000lsz3
us7000lu2n,"M 4.4 - Izu Islands, Japan region",4.4,2024-01-22 16:35:18.894,22-01-2024 16:35,31.4685,139.7906,10.0,Japan region,https://earthquake.usgs.gov/earthquakes/eventpage/us7000lu2n
us7000lsxq,"M 4.6 - 76 km SW of Waingapu, Indonesia",4.6,2024-01-22 16:13:41.668,22-01-2024 16:13,-10.0912,119.7249,16.552,Indonesia,https://earthquake.usgs.gov/earthquakes/eventpage/us7000lsxq
us7000lu2m,"M 4.2 - 106 km ENE of Port-Olry, Vanuatu",4.2,2024-01-22 16:07:38.611,22-01-2024 16:07,-14.7493,168.0117,13.451,Vanuatu,https://earthquake.usgs.gov/earthquakes/eventpage/us7000lu2m
us6000m5ev,"M 5.3 - 198 km WSW of Houma, Tonga",5.3,2024-01-22 14:20:31.728,22-01-2024 14:20,-22.0034,-177.0023,211.776,Tonga,https://earthquake.usgs.gov/earthquakes/eventpage/us6000m5ev
us6000m5eq,"M 4.2 - 72 km SSE of Crucecita, Mexico",4.2,2024-01-22 13:49:52.902,22-01-2024 13:49,15.1921,-95.8229,10.0,Mexico,https://earthquake.usgs.gov/earthquakes/eventpage/us6000m5eq
us6000m5ef,"M 4.5 - 43 km SSE of La Tirana, Chile",4.5,2024-01-22 13:16:49.971,22-01-2024 13:16,-20.6759,-69.4419,77.356,Chile,https://earthquake.usgs.gov/earthquakes/eventpage/us6000m5ef
us6000m5e8,"M 4.6 - 14 km SW of Sarangani, Philippines",4.6,2024-01-22 12:02:20.287,22-01-2024 12:02,5.3214,125.3615,191.376,Philippines,https://earthquake.usgs.gov/earthquakes/eventpage/us6000m5e8
us7000lu2j,"M 4.5 - 187 km S of ‘Ohonua, Tonga",4.5,2024-01-22 11:14:43.157,22-01-2024 11:14,-23.0028,-174.6084,11.713,Tonga,https://earthquake.usgs.gov/earthquakes/eventpage/us7000lu2j
us7000lu2i,M 4.5 - east of the North Island of New Zealand,4.5,2024-01-22 11:13:30.172,22-01-2024 11:13,-36.275,-178.4378,10.0,east of the North Island of New Zealand,https://earthquake.usgs.gov/earthquakes/eventpage/us7000lu2i
us7000lu2g,"M 4.4 - Kermadec Islands, New Zealand",4.4,2024-01-22 09:10:11.991,22-01-2024 09:10,-30.0181,-178.1795,112.148,New Zealand,https://earthquake.usgs.gov/earthquakes/eventpage/us7000lu2g
us7000lu2f,M 4.3 - south of the Fiji Islands,4.3,2024-01-22 09:06:40.530,22-01-2024 09:06,-22.7156,-179.561,549.59,south of the Fiji Islands,https://earthquake.usgs.gov/earthquakes/eventpage/us7000lu2f
us6000m5dh,"M 4.6 - 27 km SSW of Sumberpucung, Indonesia",4.6,2024-01-22 08:19:58.122,22-01-2024 08:19,-8.3882,112.3912,148.994,Indonesia,https://earthquake.usgs.gov/earthquakes/eventpage/us6000m5dh
us7000lu2e,"M 4.2 - 40 km ENE of Kerman, Iran",4.2,2024-01-22 07:58:21.159,22-01-2024 07:58,30.3771,57.4862,10.0,Iran,https://earthquake.usgs.gov/earthquakes/eventpage/us7000lu2e
us7000lu2d,"M 4.6 - 6 km WNW of Buenavista, Philippines",4.6,2024-01-22 07:54:03.284,22-01-2024 07:54,9.1339,126.104,54.306,Philippines,https://earthquake.usgs.gov/earthquakes/eventpage/us7000lu2d
us7000lu2c,"M 4.3 - 24 km WNW of Anamizu, Japan",4.3,2024-01-22 07:00:37.939,22-01-2024 07:00,37.3489,136.6711,10.0,Japan,https://earthquake.usgs.gov/earthquakes/eventpage/us7000lu2c
us7000lu2a,"M 4.3 - 108 km NE of Aksu, China",4.3,2024-01-22 06:10:21.952,22-01-2024 06:10,41.812,81.2674,10.0,China,https://earthquake.usgs.gov/earthquakes/eventpage/us7000lu2a
us6000m5cx,"M 4.0 - 6 km S of Lívingston, Guatemala",4.0,2024-01-22 05:45:13.906,22-01-2024 05:45,15.7657,-88.742,10.0,Guatemala,https://earthquake.usgs.gov/earthquakes/eventpage/us6000m5cx
us7000lu28,"M 4.0 - 15 km ESE of Özalp, Turkey",4.0,2024-01-22 04:53:29.054,22-01-2024 04:53,38.6139,44.161,10.0,Turkey,https://earthquake.usgs.gov/earthquakes/eventpage/us7000lu28
us6000m5cp,"M 4.6 - 118 km NE of Aksu, China",4.6,2024-01-22 04:33:20.324,22-01-2024 04:33,41.935,81.2924,26.328,China,https://earthquake.usgs.gov/earthquakes/eventpage/us6000m5cp
us6000m5ck,"M 4.3 - 86 km S of Waingapu, Indonesia",4.3,2024-01-22 04:12:41.123,22-01-2024 04:12,-10.4289,120.1446,10.0,Indonesia,https://earthquake.usgs.gov/earthquakes/eventpage/us6000m5ck
us6000m5cj,"M 4.9 - 75 km S of Waingapu, Indonesia",4.9,2024-01-22 04:02:18.645,22-01-2024 04:02,-10.3373,120.2513,12.166,Indonesia,https://earthquake.usgs.gov/earthquakes/eventpage/us6000m5cj
pr2024022000,"M 4.0 - 58 km NE of Samaná, Dominican Republic",4.0,2024-01-22 03:53:02.460,22-01-2024 03:53,19.5691,-68.9263,51.0,Dominican Republic,https://earthquake.usgs.gov/earthquakes/eventpage/pr2024022000
us6000m5cf,"M 4.3 - 212 km E of Levuka, Fiji",4.3,2024-01-22 03:31:41.991,22-01-2024 03:31,-17.7394,-178.7101,564.924,Fiji,https://earthquake.usgs.gov/earthquakes/eventpage/us6000m5cf
us6000m5cc,"M 4.3 - 42 km WNW of Abra Pampa, Argentina",4.3,2024-01-22 03:23:24.718,22-01-2024 03:23,-22.6399,-66.1032,263.042,Argentina,https://earthquake.usgs.gov/earthquakes/eventpage/us6000m5cc
us7000lu3t,"M 4.4 - 183 km SW of Tual, Indonesia",4.4,2024-01-22 03:13:50.758,22-01-2024 03:13,-6.5845,131.3956,35.0,Indonesia,https://earthquake.usgs.gov/earthquakes/eventpage/us7000lu3t
us7000lu29,"M 4.2 - 207 km ENE of Levuka, Fiji",4.2,2024-01-22 03:07:43.516,22-01-2024 03:07,-17.7063,-178.7615,513.547,Fiji,https://earthquake.usgs.gov/earthquakes/eventpage/us7000lu29
us7000lu27,"M 4.5 - 113 km SSE of Sola, Vanuatu",4.5,2024-01-22 01:43:06.019,22-01-2024 01:43,-14.7493,168.1049,10.652,Vanuatu,https://earthquake.usgs.gov/earthquakes/eventpage/us7000lu27
us7000lu26,M 4.5 - Southwest Indian Ridge,4.5,2024-01-22 01:28:49.014,22-01-2024 01:28,-39.439,46.4716,10.0,Southwest Indian Ridge,https://earthquake.usgs.gov/earthquakes/eventpage/us7000lu26
us7000lu25,"M 4.7 - 45 km ENE of Salcedo, Philippines",4.7,2024-01-22 01:19:29.937,22-01-2024 01:19,11.2948,126.0557,10.0,Philippines,https://earthquake.usgs.gov/earthquakes/eventpage/us7000lu25
us7000lu24,"M 4.1 - 7 km NE of Kertosono, Indonesia",4.1,2024-01-22 00:49:31.160,22-01-2024 00:49,-7.5322,112.149,177.645,Indonesia,https://earthquake.usgs.gov/earthquakes/eventpage/us7000lu24
us7000lu18,"M 4.2 - 157 km E of Tadine, New Caledonia",4.2,2024-01-21 23:51:31.010,21-01-2024 23:51,-21.7895,169.3787,10.0,New Caledonia,https://earthquake.usgs.gov/earthquakes/eventpage/us7000lu18
us7000lu17,"M 4.3 - 109 km NW of Houma, Tonga",4.3,2024-01-21 23:09:13.114,21-01-2024 23:09,-20.6119,-176.1714,205.001,Tonga,https://earthquake.usgs.gov/earthquakes/eventpage/us7000lu17
us6000m5be,"M 4.4 - 82 km SW of Yonakuni, Japan",4.4,2024-01-21 22:57:10.885,21-01-2024 22:57,23.9308,122.4363,10.0,Japan,https://earthquake.usgs.gov/earthquakes/eventpage/us6000m5be
us7000lu13,"M 4.6 - 137 km E of Tadine, New Caledonia",4.6,2024-01-21 22:28:32.212,21-01-2024 22:28,-21.608,169.2083,10.0,New Caledonia,https://earthquake.usgs.gov/earthquakes/eventpage/us7000lu13
us6000m5da,M 4.4 - Carlsberg Ridge,4.4,2024-01-21 21:51:34.416,21-01-2024 21:51,5.6671,61.3016,10.0,Carlsberg Ridge,https://earthquake.usgs.gov/earthquakes/eventpage/us6000m5da
us6000m5az,"M 4.2 - 101 km ENE of Miyako, Japan",4.2,2024-01-21 21:30:21.706,21-01-2024 21:30,39.9079,143.0782,35.0,Japan,https://earthquake.usgs.gov/earthquakes/eventpage/us6000m5az
us6000m5ab,"M 4.4 - 13 km SSE of Hukay, Philippines",4.4,2024-01-21 19:33:21.826,21-01-2024 19:33,13.7349,120.7579,193.001,Philippines,https://earthquake.usgs.gov/earthquakes/eventpage/us6000m5ab
us6000m59x,"M 4.3 - 26 km SE of Qarah Bāgh, Afghanistan",4.3,2024-01-21 18:14:00.877,21-01-2024 18:14,34.7521,61.9548,10.0,Afghanistan,https://earthquake.usgs.gov/earthquakes/eventpage/us6000m59x
us6000m59u,"M 4.5 - 83 km WSW of San Antonio, Chile",4.5,2024-01-21 17:39:29.470,21-01-2024 17:39,-33.9015,-72.4307,15.791,Chile,https://earthquake.usgs.gov/earthquakes/eventpage/us6000m59u
us6000m59s,"M 4.7 - 86 km WSW of San Antonio, Chile",4.7,2024-01-21 17:37:47.178,21-01-2024 17:37,-33.8821,-72.4773,10.0,Chile,https://earthquake.usgs.gov/earthquakes/eventpage/us6000m59s
us6000m59q,"M 5.0 - 6 km WNW of Cepitá, Colombia",5.0,2024-01-21 17:19:48.289,21-01-2024 17:19,6.7852,-73.0286,154.112,Colombia,https://earthquake.usgs.gov/earthquakes/eventpage/us6000m59q
us7000lu0x,"M 4.6 - Izu Islands, Japan region",4.6,2024-01-21 15:03:49.418,21-01-2024 15:03,29.7879,142.2289,19.345,Japan region,https://earthquake.usgs.gov/earthquakes/eventpage/us7000lu0x
us6000m58u,"M 4.6 - 125 km ESE of Madang, Papua New Guinea",4.6,2024-01-21 13:22:48.941,21-01-2024 13:22,-5.4502,146.895,204.305,Papua New Guinea,https://earthquake.usgs.gov/earthquakes/eventpage/us6000m58u
us7000lu0v,M 4.4 - south of the Fiji Islands,4.4,2024-01-21 13:05:15.283,21-01-2024 13:05,-23.9138,179.5441,527.491,south of the Fiji Islands,https://earthquake.usgs.gov/earthquakes/eventpage/us7000lu0v
us6000m58s,M 4.5 - south of the Fiji Islands,4.5,2024-01-21 12:58:03.782,21-01-2024 12:58,-23.929,179.4467,537.315,south of the Fiji Islands,https://earthquake.usgs.gov/earthquakes/eventpage/us6000m58s
us7000lu0u,"M 4.6 - 153 km NW of Fais, Micronesia",4.6,2024-01-21 12:01:51.803,21-01-2024 12:01,10.8556,139.656,10.0,Micronesia,https://earthquake.usgs.gov/earthquakes/eventpage/us7000lu0u
us6000m58b,"M 4.4 - 24 km SW of Palca, Peru",4.4,2024-01-21 09:43:17.411,21-01-2024 09:43,-15.4177,-70.7283,182.629,Peru,https://earthquake.usgs.gov/earthquakes/eventpage/us6000m58b
us6000m588,"M 4.5 - 222 km ENE of Lospalos, Timor Leste",4.5,2024-01-21 09:38:47.661,21-01-2024 09:38,-7.4861,128.733,143.552,Timor Leste,https://earthquake.usgs.gov/earthquakes/eventpage/us6000m588
us6000m57k,"M 4.0 - 16 km S of Champerico, Guatemala",4.0,2024-01-21 07:12:21.720,21-01-2024 07:12,14.1429,-91.9055,59.805,Guatemala,https://earthquake.usgs.gov/earthquakes/eventpage/us6000m57k
us7000lu0p,M 4.5 - southeast of the Loyalty Islands,4.5,2024-01-21 06:30:47.537,21-01-2024 06:30,-23.484,170.8532,10.0,southeast of the Loyalty Islands,https://earthquake.usgs.gov/earthquakes/eventpage/us7000lu0p
us6000m579,"M 4.9 - 109 km E of Petropavlovsk-Kamchatsky, Russia",4.9,2024-01-21 05:50:36.943,21-01-2024 05:50,53.0914,160.264,58.186,Russia,https://earthquake.usgs.gov/earthquakes/eventpage/us6000m579
us7000lu0r,M 4.2 - south of the Fiji Islands,4.2,2024-01-21 04:39:25.466,21-01-2024 04:39,-25.2163,179.7568,502.369,south of the Fiji Islands,https://earthquake.usgs.gov/earthquakes/eventpage/us7000lu0r
us7000lu0l,"M 4.5 - 288 km SSE of Port Blair, India",4.5,2024-01-21 04:06:23.723,21-01-2024 04:06,9.3399,93.9475,10.0,India,https://earthquake.usgs.gov/earthquakes/eventpage/us7000lu0l
us6000m56n,"M 4.4 - 28 km NW of El Bolsón, Argentina",4.4,2024-01-21 03:03:36.250,21-01-2024 03:03,-41.7705,-71.7694,164.438,Argentina,https://earthquake.usgs.gov/earthquakes/eventpage/us6000m56n
us6000m56d,"M 5.3 - 100 km W of El Aguilar, Argentina",5.3,2024-01-21 02:36:01.362,21-01-2024 02:36,-23.349,-66.6516,202.477,Argentina,https://earthquake.usgs.gov/earthquakes/eventpage/us6000m56d
us6000m55y,"M 4.2 - 268 km W of Houma, Tonga",4.2,2024-01-21 02:01:29.345,21-01-2024 02:01,-21.0935,-177.8875,362.433,Tonga,https://earthquake.usgs.gov/earthquakes/eventpage/us6000m55y
pr2024021000,"M 4.1 - 51 km SSE of Boca de Yuma, Dominican Republic",4.11,2024-01-21 01:58:46.450,21-01-2024 01:58,17.9893,-68.3418,169.0,Dominican Republic,https://earthquake.usgs.gov/earthquakes/eventpage/pr2024021000
us7000lu0m,"M 4.2 - 107 km NE of Hihifo, Tonga",4.2,2024-01-21 01:14:55.731,21-01-2024 01:14,-15.2615,-173.0894,10.0,Tonga,https://earthquake.usgs.gov/earthquakes/eventpage/us7000lu0m
us7000lu0k,"M 4.4 - Nicobar Islands, India region",4.4,2024-01-21 00:22:24.977,21-01-2024 00:22,8.793,94.0472,10.0,India region,https://earthquake.usgs.gov/earthquakes/eventpage/us7000lu0k
us7000lu06,"M 4.5 - 61 km SSW of Miyakojima, Japan",4.5,2024-01-20 23:37:41.887,20-01-2024 23:37,24.2477,125.1842,28.12,Japan,https://earthquake.usgs.gov/earthquakes/eventpage/us7000lu06
us7000lu07,"M 4.4 - 290 km ENE of Kuril’sk, Russia",4.4,2024-01-20 23:16:53.895,20-01-2024 23:16,46.6458,151.0311,123.227,Russia,https://earthquake.usgs.gov/earthquakes/eventpage/us7000lu07
us7000lu08,"M 4.3 - 1 km E of El Encanto, Mexico",4.3,2024-01-20 22:21:13.306,20-01-2024 22:21,14.7311,-92.3963,92.068,Mexico,https://earthquake.usgs.gov/earthquakes/eventpage/us7000lu08
us7000lu04,"M 4.2 - 213 km SSE of Baubau, Indonesia",4.2,2024-01-20 22:17:59.057,20-01-2024 22:17,-7.1637,123.5143,591.619,Indonesia,https://earthquake.usgs.gov/earthquakes/eventpage/us7000lu04
us6000m53t,M 6.2 - Southwest Indian Ridge,6.2,2024-01-20 22:09:39.708,20-01-2024 22:09,-39.93,46.1966,10.0,Southwest Indian Ridge,https://earthquake.usgs.gov/earthquakes/eventpage/us6000m53t
us6000m52p,"M 6.6 - 123 km NW of Tarauacá, Brazil",6.6,2024-01-20 21:31:05.092,20-01-2024 21:31,-7.2879,-71.464,607.0,Brazil,https://earthquake.usgs.gov/earthquakes/eventpage/us6000m52p
us6000m528,"M 4.2 - 88 km NW of San Antonio de los Cobres, Argentina",4.2,2024-01-20 20:06:02.030,20-01-2024 20:06,-23.5528,-66.807,214.863,Argentina,https://earthquake.usgs.gov/earthquakes/eventpage/us6000m528
us7000lu02,"M 4.4 - 22 km E of Payakumbuh, Indonesia",4.4,2024-01-20 16:35:40.192,20-01-2024 16:35,-0.2108,100.8363,194.62,Indonesia,https://earthquake.usgs.gov/earthquakes/eventpage/us7000lu02
us6000m50e,"M 6.1 - Pagan region, Northern Mariana Islands",6.1,2024-01-20 15:48:40.121,20-01-2024 15:48,18.5192,145.6341,184.0,Northern Mariana Islands,https://earthquake.usgs.gov/earthquakes/eventpage/us6000m50e
us7000lu01,"M 4.3 - 73 km WSW of Itoman, Japan",4.3,2024-01-20 15:34:34.779,20-01-2024 15:34,25.7587,127.0537,67.293,Japan,https://earthquake.usgs.gov/earthquakes/eventpage/us7000lu01
us7000ltzz,M 4.5 - Pacific-Antarctic Ridge,4.5,2024-01-20 15:27:06.225,20-01-2024 15:27,-62.5547,-158.2005,10.0,Pacific-Antarctic Ridge,https://earthquake.usgs.gov/earthquakes/eventpage/us7000ltzz
us7000lu00,M 4.7 - South Sandwich Islands region,4.7,2024-01-20 15:20:49.264,20-01-2024 15:20,-59.3143,-25.7946,36.496,South Sandwich Islands region,https://earthquake.usgs.gov/earthquakes/eventpage/us7000lu00
us6000m501,"M 4.1 - 5 km S of Quepos, Costa Rica",4.1,2024-01-20 14:38:54.429,20-01-2024 14:38,9.3835,-84.1682,47.467,Costa Rica,https://earthquake.usgs.gov/earthquakes/eventpage/us6000m501
us7000ltzv,M 4.8 - southeast of the Loyalty Islands,4.8,2024-01-20 13:50:57.731,20-01-2024 13:50,-23.2813,170.7423,10.0,southeast of the Loyalty Islands,https://earthquake.usgs.gov/earthquakes/eventpage/us7000ltzv
us6000m4zp,"M 4.5 - 59 km SSW of Miyakojima, Japan",4.5,2024-01-20 13:28:00.215,20-01-2024 13:28,24.2692,125.1748,23.606,Japan,https://earthquake.usgs.gov/earthquakes/eventpage/us6000m4zp
us6000m4zj,M 4.8 - Mariana Islands region,4.8,2024-01-20 13:10:18.018,20-01-2024 13:10,17.4726,147.3876,21.479,Mariana Islands region,https://earthquake.usgs.gov/earthquakes/eventpage/us6000m4zj
us7000ltzu,"M 4.2 - 92 km SSW of Masachapa, Nicaragua",4.2,2024-01-20 13:05:34.059,20-01-2024 13:05,10.9738,-86.6938,27.704,Nicaragua,https://earthquake.usgs.gov/earthquakes/eventpage/us7000ltzu
us7000ltzt,"M 4.2 - 100 km ENE of Kainantu, Papua New Guinea",4.2,2024-01-20 12:17:11.123,20-01-2024 12:17,-5.8262,146.6444,8.372,Papua New Guinea,https://earthquake.usgs.gov/earthquakes/eventpage/us7000ltzt
us7000ltzw,"M 4.3 - 16 km SE of Santa Maria, Philippines",4.3,2024-01-20 10:34:29.416,20-01-2024 10:34,7.897,126.564,71.715,Philippines,https://earthquake.usgs.gov/earthquakes/eventpage/us7000ltzw
us6000m4yr,"M 4.4 - 64 km W of Vallenar, Chile",4.4,2024-01-20 10:01:21.931,20-01-2024 10:01,-28.6615,-71.4127,32.912,Chile,https://earthquake.usgs.gov/earthquakes/eventpage/us6000m4yr
us6000m4y5,"M 4.9 - 5 km WSW of Tingloy, Philippines",4.9,2024-01-20 08:05:03.683,20-01-2024 08:05,13.6364,120.8311,52.556,Philippines,https://earthquake.usgs.gov/earthquakes/eventpage/us6000m4y5
us7000ltzj,"M 4.2 - 192 km ENE of Levuka, Fiji",4.2,2024-01-20 07:48:59.033,20-01-2024 07:48,-17.572,-178.9404,510.15,Fiji,https://earthquake.usgs.gov/earthquakes/eventpage/us7000ltzj
us7000ltzi,"M 4.2 - 171 km WNW of Panguna, Papua New Guinea",4.2,2024-01-20 06:56:51.698,20-01-2024 06:56,-5.5602,154.1284,139.416,Papua New Guinea,https://earthquake.usgs.gov/earthquakes/eventpage/us7000ltzi
us6000m4xs,"M 4.5 - 103 km WSW of Ternate, Indonesia",4.5,2024-01-20 06:03:04.554,20-01-2024 06:03,0.4868,126.5094,54.254,Indonesia,https://earthquake.usgs.gov/earthquakes/eventpage/us6000m4xs
us7000ltzn,"M 4.1 - 24 km SW of Dompu, Indonesia",4.1,2024-01-20 05:48:00.522,20-01-2024 05:48,-8.6928,118.3025,138.786,Indonesia,https://earthquake.usgs.gov/earthquakes/eventpage/us7000ltzn
us6000m4xl,M 5.3 - southeast of the Loyalty Islands,5.3,2024-01-20 05:20:14.543,20-01-2024 05:20,-23.3851,170.7536,10.0,southeast of the Loyalty Islands,https://earthquake.usgs.gov/earthquakes/eventpage/us6000m4xl
us6000m4xb,M 5.0 - South Sandwich Islands region,5.0,2024-01-20 04:54:04.253,20-01-2024 04:54,-59.906,-26.2848,35.0,South Sandwich Islands region,https://earthquake.usgs.gov/earthquakes/eventpage/us6000m4xb
us6000m4x3,M 4.8 - Reykjanes Ridge,4.8,2024-01-20 04:47:07.809,20-01-2024 04:47,56.3738,-34.0131,10.0,Reykjanes Ridge,https://earthquake.usgs.gov/earthquakes/eventpage/us6000m4x3
us6000m4wx,"M 4.1 - 35 km SW of Owhiro Bay, New Zealand",4.1,2024-01-20 04:25:33.767,20-01-2024 04:25,-41.5872,174.4817,16.004,New Zealand,https://earthquake.usgs.gov/earthquakes/eventpage/us6000m4wx
us7000ltze,"M 4.2 - 177 km NE of Tual, Indonesia",4.2,2024-01-20 04:11:45.290,20-01-2024 04:11,-4.5877,133.9657,10.0,Indonesia,https://earthquake.usgs.gov/earthquakes/eventpage/us7000ltze
us6000m4wd,"M 4.7 - 91 km SSE of Angoram, Papua New Guinea",4.7,2024-01-20 03:04:22.766,20-01-2024 03:04,-4.8402,144.3594,117.323,Papua New Guinea,https://earthquake.usgs.gov/earthquakes/eventpage/us6000m4wd
us7000ltzd,"M 4.5 - 16 km E of Mbulu, Tanzania",4.5,2024-01-20 02:04:43.435,20-01-2024 02:04,-3.8598,35.6806,10.0,Tanzania,https://earthquake.usgs.gov/earthquakes/eventpage/us7000ltzd
us7000ltzf,M 4.5 - south of the Fiji Islands,4.5,2024-01-20 01:56:34.219,20-01-2024 01:56,-26.8333,-176.3733,19.093,south of the Fiji Islands,https://earthquake.usgs.gov/earthquakes/eventpage/us7000ltzf
us6000m4vw,"M 5.0 - 287 km SSE of Port Blair, India",5.0,2024-01-20 01:36:11.203,20-01-2024 01:36,9.4409,94.0987,10.0,India,https://earthquake.usgs.gov/earthquakes/eventpage/us6000m4vw
us7000ltzc,"M 4.5 - 180 km NE of Tual, Indonesia",4.5,2024-01-20 01:27:42.401,20-01-2024 01:27,-4.6367,134.0506,10.0,Indonesia,https://earthquake.usgs.gov/earthquakes/eventpage/us7000ltzc
us6000m4va,"M 4.4 - 89 km NW of San Antonio de los Cobres, Argentina",4.4,2024-01-20 00:19:32.117,20-01-2024 00:19,-23.66,-66.9492,206.437,Argentina,https://earthquake.usgs.gov/earthquakes/eventpage/us6000m4va
us6000m4uh,"M 4.3 - 11 km NNE of Gürün, Turkey",4.3,2024-01-19 22:27:36.973,19-01-2024 22:27,38.82,37.303,10.0,Turkey,https://earthquake.usgs.gov/earthquakes/eventpage/us6000m4uh
us7000ltz6,"M 4.4 - 63 km ENE of Barcelona, Philippines",4.4,2024-01-19 22:11:03.632,19-01-2024 22:11,8.2971,126.9973,91.479,Philippines,https://earthquake.usgs.gov/earthquakes/eventpage/us7000ltz6
us7000ltz7,M 4.3 - southeast of the Loyalty Islands,4.3,2024-01-19 22:01:39.348,19-01-2024 22:01,-23.7536,170.2274,10.0,southeast of the Loyalty Islands,https://earthquake.usgs.gov/earthquakes/eventpage/us7000ltz7
us6000m4u8,"M 4.4 - 41 km WNW of Naha, Japan",4.4,2024-01-19 21:59:40.769,19-01-2024 21:59,26.4055,127.3223,54.297,Japan,https://earthquake.usgs.gov/earthquakes/eventpage/us6000m4u8
ak024vrx24o,"M 5.3 - 4 km SW of Salcha, Alaska",5.3,2024-01-19 21:34:35.071,19-01-2024 21:34,64.4909,-146.9641,10.5,Alaska,https://earthquake.usgs.gov/earthquakes/eventpage/ak024vrx24o
us7000ltz5,M 4.4 - Vanuatu region,4.4,2024-01-19 21:04:29.507,19-01-2024 21:04,-15.811,163.2577,10.0,Vanuatu region,https://earthquake.usgs.gov/earthquakes/eventpage/us7000ltz5
us7000ltz1,"M 4.2 - 39 km SE of Hiroo, Japan",4.2,2024-01-19 20:41:38.938,19-01-2024 20:41,42.0173,143.6162,16.302,Japan,https://earthquake.usgs.gov/earthquakes/eventpage/us7000ltz1
us7000ltz0,"M 4.5 - 9 km NNW of Salcedo, Philippines",4.5,2024-01-19 20:21:51.554,19-01-2024 20:21,11.2289,125.6322,68.505,Philippines,https://earthquake.usgs.gov/earthquakes/eventpage/us7000ltz0
us7000ltyz,"M 4.3 - 125 km S of Alo, Wallis and Futuna",4.3,2024-01-19 20:18:57.013,19-01-2024 20:18,-15.449,-178.1319,432.289,Wallis and Futuna,https://earthquake.usgs.gov/earthquakes/eventpage/us7000ltyz
us7000ltyx,"M 4.4 - 147 km S of Isangel, Vanuatu",4.4,2024-01-19 19:41:50.911,19-01-2024 19:41,-20.874,169.3229,127.667,Vanuatu,https://earthquake.usgs.gov/earthquakes/eventpage/us7000ltyx
us7000ltz8,"M 4.6 - 155 km E of Tadine, New Caledonia",4.6,2024-01-19 19:14:27.905,19-01-2024 19:14,-21.6597,169.38,10.0,New Caledonia,https://earthquake.usgs.gov/earthquakes/eventpage/us7000ltz8
us7000ltyw,M 4.3 - south of the Fiji Islands,4.3,2024-01-19 19:10:34.005,19-01-2024 19:10,-23.9716,178.9992,561.376,south of the Fiji Islands,https://earthquake.usgs.gov/earthquakes/eventpage/us7000ltyw
us7000ltyt,M 4.8 - Mid-Indian Ridge,4.8,2024-01-19 18:25:02.454,19-01-2024 18:25,-36.5932,79.0321,16.065,Mid-Indian Ridge,https://earthquake.usgs.gov/earthquakes/eventpage/us7000ltyt
us6000m4sh,"M 4.3 - 120 km WSW of Kurio, Japan",4.3,2024-01-19 18:21:46.563,19-01-2024 18:21,30.0611,129.2015,227.643,Japan,https://earthquake.usgs.gov/earthquakes/eventpage/us6000m4sh
us6000m4sd,"M 4.8 - 11 km W of Qaraçala, Azerbaijan",4.8,2024-01-19 18:05:56.359,19-01-2024 18:05,39.8359,48.8025,50.837,Azerbaijan,https://earthquake.usgs.gov/earthquakes/eventpage/us6000m4sd
us6000m4s9,"M 4.6 - 19 km S of Bowangshan, China",4.6,2024-01-19 17:41:42.324,19-01-2024 17:41,28.1308,105.0882,10.0,China,https://earthquake.usgs.gov/earthquakes/eventpage/us6000m4s9
us6000m4s6,"M 4.5 - 94 km SE of Bingtuan Sanshiliu Tuan, China",4.5,2024-01-19 17:25:30.592,19-01-2024 17:25,38.5541,89.5404,10.0,China,https://earthquake.usgs.gov/earthquakes/eventpage/us6000m4s6
us7000ltz2,"M 4.4 - 69 km ENE of La Paz, Philippines",4.4,2024-01-19 17:23:27.976,19-01-2024 17:23,9.2532,126.8296,10.0,Philippines,https://earthquake.usgs.gov/earthquakes/eventpage/us7000ltz2
us7000ltys,"M 4.5 - 84 km ESE of Hihifo, Tonga",4.5,2024-01-19 16:58:22.444,19-01-2024 16:58,-16.2846,-173.0868,10.0,Tonga,https://earthquake.usgs.gov/earthquakes/eventpage/us7000ltys
us6000m4r1,"M 4.5 - 21 km NNW of Nevel’sk, Russia",4.5,2024-01-19 16:57:02.004,19-01-2024 16:57,46.8521,141.7416,10.0,Russia,https://earthquake.usgs.gov/earthquakes/eventpage/us6000m4r1
us6000m4qr,"M 4.2 - 260 km WNW of Houma, Tonga",4.2,2024-01-19 15:52:45.884,19-01-2024 15:52,-20.1978,-177.5764,494.661,Tonga,https://earthquake.usgs.gov/earthquakes/eventpage/us6000m4qr
us7000ltyv,"M 4.3 - 9 km NNE of Lianga, Philippines",4.3,2024-01-19 15:38:23.913,19-01-2024 15:38,8.715,126.1156,99.27,Philippines,https://earthquake.usgs.gov/earthquakes/eventpage/us7000ltyv
us7000ltym,"M 4.2 - 51 km WSW of Acajutla, El Salvador",4.2,2024-01-19 14:59:58.323,19-01-2024 14:59,13.372,-90.2464,51.647,El Salvador,https://earthquake.usgs.gov/earthquakes/eventpage/us7000ltym
us6000m4p0,"M 4.5 - 11 km ENE of Oxílithos, Greece",4.5,2024-01-19 14:14:14.810,19-01-2024 14:14,38.6101,24.2406,8.972,Greece,https://earthquake.usgs.gov/earthquakes/eventpage/us6000m4p0
us6000m4nk,"M 4.3 - 242 km SSE of Port Blair, India",4.3,2024-01-19 13:40:10.115,19-01-2024 13:40,9.7925,93.8927,10.0,India,https://earthquake.usgs.gov/earthquakes/eventpage/us6000m4nk
us7000ltyk,"M 4.4 - 148 km W of Rabaul, Papua New Guinea",4.4,2024-01-19 13:27:52.796,19-01-2024 13:27,-3.9965,150.8416,9.896,Papua New Guinea,https://earthquake.usgs.gov/earthquakes/eventpage/us7000ltyk
us6000m4nc,"M 4.8 - 25 km NW of Tuti, Peru",4.8,2024-01-19 12:19:14.601,19-01-2024 12:19,-15.3752,-71.7293,131.142,Peru,https://earthquake.usgs.gov/earthquakes/eventpage/us6000m4nc
us7000ltyi,"M 4.3 - 48 km W of Yomitan, Japan",4.3,2024-01-19 12:19:14.584,19-01-2024 12:19,26.4525,127.2608,40.844,Japan,https://earthquake.usgs.gov/earthquakes/eventpage/us7000ltyi
us6000m4n6,"M 4.3 - 5 km N of Ansermanuevo, Colombia",4.3,2024-01-19 11:47:28.023,19-01-2024 11:47,4.8447,-75.9969,76.307,Colombia,https://earthquake.usgs.gov/earthquakes/eventpage/us6000m4n6
us6000m4n2,"M 5.6 - 7 km E of Cartago, Colombia",5.6,2024-01-19 11:26:03.598,19-01-2024 11:26,4.7429,-75.8481,65.067,Colombia,https://earthquake.usgs.gov/earthquakes/eventpage/us6000m4n2
us7000ltyg,"M 4.5 - 61 km ESE of Inarajan Village, Guam",4.5,2024-01-19 11:20:25.954,19-01-2024 11:20,13.0831,145.278,69.955,Guam,https://earthquake.usgs.gov/earthquakes/eventpage/us7000ltyg
us6000m4n0,"M 4.4 - 266 km WNW of Houma, Tonga",4.4,2024-01-19 10:57:16.439,19-01-2024 10:57,-20.4733,-177.753,521.993,Tonga,https://earthquake.usgs.gov/earthquakes/eventpage/us6000m4n0
us6000m4mv,"M 5.1 - 144 km NNW of Antofagasta de la Sierra, Argentina",5.1,2024-01-19 09:40:59.707,19-01-2024 09:40,-24.7895,-67.7423,114.76,Argentina,https://earthquake.usgs.gov/earthquakes/eventpage/us6000m4mv
us7000ltyl,"M 4.3 - 19 km ESE of Bobon, Philippines",4.3,2024-01-19 09:30:24.776,19-01-2024 09:30,6.7737,126.477,59.111,Philippines,https://earthquake.usgs.gov/earthquakes/eventpage/us7000ltyl
us6000m4mn,"M 4.9 - 97 km NW of Isangel, Vanuatu",4.9,2024-01-19 08:49:10.120,19-01-2024 08:49,-18.8685,168.6826,80.561,Vanuatu,https://earthquake.usgs.gov/earthquakes/eventpage/us6000m4mn
us6000m4mj,"M 4.7 - 271 km SSE of Port Blair, India",4.7,2024-01-19 08:19:50.553,19-01-2024 08:19,9.4803,93.8839,10.0,India,https://earthquake.usgs.gov/earthquakes/eventpage/us6000m4mj
us6000m4m5,"M 4.3 - 5 km S of Yōkaichiba, Japan",4.3,2024-01-19 06:43:28.914,19-01-2024 06:43,35.6547,140.5583,59.931,Japan,https://earthquake.usgs.gov/earthquakes/eventpage/us6000m4m5
us7000lty8,M 4.7 - southeast of the Loyalty Islands,4.7,2024-01-19 06:41:30.266,19-01-2024 06:41,-23.5009,170.5222,10.0,southeast of the Loyalty Islands,https://earthquake.usgs.gov/earthquakes/eventpage/us7000lty8
us6000m593,"M 4.5 - 42 km ESE of Butembo, Democratic Republic of the Congo",4.5,2024-01-19 05:24:28.976,19-01-2024 05:24,-0.0016,29.6423,10.0,Democratic Republic of the Congo,https://earthquake.usgs.gov/earthquakes/eventpage/us6000m593
us6000m4lx,"M 5.5 - 80 km WNW of Sola, Vanuatu",5.5,2024-01-19 04:57:13.544,19-01-2024 04:57,-13.5862,166.8644,32.0,Vanuatu,https://earthquake.usgs.gov/earthquakes/eventpage/us6000m4lx
us7000lty1,"M 4.1 - 76 km SE of Gorontalo, Indonesia",4.1,2024-01-19 01:32:20.506,19-01-2024 01:32,0.0059,123.4966,104.557,Indonesia,https://earthquake.usgs.gov/earthquakes/eventpage/us7000lty1
us7000lty7,"M 4.0 - 161 km NE of Lospalos, Timor Leste",4.0,2024-01-19 00:49:08.928,19-01-2024 00:49,-7.5134,128.0527,132.259,Timor Leste,https://earthquake.usgs.gov/earthquakes/eventpage/us7000lty7
us6000m4kx,"M 4.1 - 21 km SSW of Taloqan, Afghanistan",4.1,2024-01-18 23:53:52.644,18-01-2024 23:53,36.5522,69.4623,209.428,Afghanistan,https://earthquake.usgs.gov/earthquakes/eventpage/us6000m4kx
us6000m4l0,M 4.6 - western Indian-Antarctic Ridge,4.6,2024-01-18 23:47:06.099,18-01-2024 23:47,-49.2493,121.0983,10.0,western Indian-Antarctic Ridge,https://earthquake.usgs.gov/earthquakes/eventpage/us6000m4l0
us6000m4kg,"M 4.3 - 66 km WNW of San Antonio de los Cobres, Argentina",4.3,2024-01-18 23:31:50.370,18-01-2024 23:31,-23.9312,-66.8881,229.34,Argentina,https://earthquake.usgs.gov/earthquakes/eventpage/us6000m4kg
us7000ltrq,"M 4.2 - 279 km WSW of Tual, Indonesia",4.2,2024-01-18 22:37:34.879,18-01-2024 22:37,-7.0151,130.6379,84.945,Indonesia,https://earthquake.usgs.gov/earthquakes/eventpage/us7000ltrq
us6000m4js,"M 6.4 - 148 km NW of Fangale’ounga, Tonga",6.4,2024-01-18 22:12:21.755,18-01-2024 22:12,-18.9103,-175.4225,209.0,Tonga,https://earthquake.usgs.gov/earthquakes/eventpage/us6000m4js
us7000ltrp,"M 4.3 - 13 km SSW of Anamizu, Japan",4.3,2024-01-18 22:06:09.407,18-01-2024 22:06,37.133,136.8173,10.569,Japan,https://earthquake.usgs.gov/earthquakes/eventpage/us7000ltrp
us6000m4jq,"M 4.6 - 115 km WNW of Pariaman, Indonesia",4.6,2024-01-18 22:05:35.793,18-01-2024 22:05,-0.4098,99.1052,55.463,Indonesia,https://earthquake.usgs.gov/earthquakes/eventpage/us6000m4jq
us7000ltrn,M 4.6 - Kermadec Islands region,4.6,2024-01-18 21:46:59.809,18-01-2024 21:46,-27.1485,-176.4373,25.366,Kermadec Islands region,https://earthquake.usgs.gov/earthquakes/eventpage/us7000ltrn
us6000m4jc,"M 4.3 - 65 km W of Tobelo, Indonesia",4.3,2024-01-18 21:13:28.273,18-01-2024 21:13,1.6876,127.4221,119.848,Indonesia,https://earthquake.usgs.gov/earthquakes/eventpage/us6000m4jc
us6000m4j2,"M 4.1 - 15 km NE of Çelikhan, Turkey",4.1,2024-01-18 20:37:24.114,18-01-2024 20:37,38.1052,38.3765,10.0,Turkey,https://earthquake.usgs.gov/earthquakes/eventpage/us6000m4j2
us7000ltrk,"M 4.2 - Maug Islands region, Northern Mariana Islands",4.2,2024-01-18 18:30:01.664,18-01-2024 18:30,20.1033,145.4051,10.0,Northern Mariana Islands,https://earthquake.usgs.gov/earthquakes/eventpage/us7000ltrk
us6000m4hy,"M 4.4 - 27 km ENE of Anamizu, Japan",4.4,2024-01-18 18:04:39.170,18-01-2024 18:04,37.341,137.1805,10.0,Japan,https://earthquake.usgs.gov/earthquakes/eventpage/us6000m4hy
us6000m4hz,"M 4.6 - 91 km ENE of Poso, Indonesia",4.6,2024-01-18 18:02:59.372,18-01-2024 18:02,-1.1211,121.5279,10.0,Indonesia,https://earthquake.usgs.gov/earthquakes/eventpage/us6000m4hz
us6000m4h5,"M 4.9 - 91 km ENE of Poso, Indonesia",4.9,2024-01-18 17:36:15.509,18-01-2024 17:36,-1.0938,121.5194,10.0,Indonesia,https://earthquake.usgs.gov/earthquakes/eventpage/us6000m4h5
us6000m4fu,"M 5.0 - 124 km NE of Hihifo, Tonga",5.0,2024-01-18 16:13:35.293,18-01-2024 16:13,-15.2384,-172.8992,10.0,Tonga,https://earthquake.usgs.gov/earthquakes/eventpage/us6000m4fu
us7000ltre,"M 4.4 - 85 km ENE of Poso, Indonesia",4.4,2024-01-18 16:06:37.609,18-01-2024 16:06,-1.1545,121.4846,10.0,Indonesia,https://earthquake.usgs.gov/earthquakes/eventpage/us7000ltre
us6000m4ft,"M 4.7 - 78 km ENE of Barcelona, Philippines",4.7,2024-01-18 15:57:34.167,18-01-2024 15:57,8.5281,127.0422,35.0,Philippines,https://earthquake.usgs.gov/earthquakes/eventpage/us6000m4ft
us6000m4fq,"M 4.5 - 228 km E of Levuka, Fiji",4.5,2024-01-18 15:33:15.991,18-01-2024 15:33,-17.8181,-178.5383,588.379,Fiji,https://earthquake.usgs.gov/earthquakes/eventpage/us6000m4fq
us7000ltrl,"M 4.1 - 268 km W of Adak, Alaska",4.1,2024-01-18 15:14:43.697,18-01-2024 15:14,52.113,179.4767,224.96,Alaska,https://earthquake.usgs.gov/earthquakes/eventpage/us7000ltrl
us6000m4ff,"M 4.8 - 12 km W of El Coyul, Mexico",4.8,2024-01-18 14:40:22.103,18-01-2024 14:40,15.9263,-95.922,32.969,Mexico,https://earthquake.usgs.gov/earthquakes/eventpage/us6000m4ff
us6000m4ew,"M 4.6 - 29 km E of Lamitan, Philippines",4.6,2024-01-18 12:47:37.381,18-01-2024 12:47,6.0394,125.9644,73.685,Philippines,https://earthquake.usgs.gov/earthquakes/eventpage/us6000m4ew
us6000m4ej,M 5.6 - South Sandwich Islands region,5.6,2024-01-18 12:46:11.570,18-01-2024 12:46,-55.3553,-28.506,8.0,South Sandwich Islands region,https://earthquake.usgs.gov/earthquakes/eventpage/us6000m4ej
us7000ltr8,"M 4.0 - 288 km NNE of Saipan, Northern Mariana Islands",4.0,2024-01-18 12:22:05.984,18-01-2024 12:22,17.7267,146.4747,87.612,Northern Mariana Islands,https://earthquake.usgs.gov/earthquakes/eventpage/us7000ltr8
us7000ltrg,M 4.5 - South Sandwich Islands region,4.5,2024-01-18 11:52:56.124,18-01-2024 11:52,-59.1633,-25.2588,29.182,South Sandwich Islands region,https://earthquake.usgs.gov/earthquakes/eventpage/us7000ltrg
us7000ltr6,"M 4.3 - 61 km N of Hihifo, Tonga",4.3,2024-01-18 08:32:34.744,18-01-2024 08:32,-15.4081,-173.8839,35.0,Tonga,https://earthquake.usgs.gov/earthquakes/eventpage/us7000ltr6
us7000ltr5,"M 4.4 - 17 km ENE of Hinatuan, Philippines",4.4,2024-01-18 07:42:08.934,18-01-2024 07:42,8.4092,126.4898,77.42,Philippines,https://earthquake.usgs.gov/earthquakes/eventpage/us7000ltr5
us6000m4dj,M 4.6 - north of Franz Josef Land,4.6,2024-01-18 06:15:44.992,18-01-2024 06:15,86.5295,67.0034,10.0,north of Franz Josef Land,https://earthquake.usgs.gov/earthquakes/eventpage/us6000m4dj
us6000m4dg,"M 4.1 - 16 km NNE of Aladağ, Turkey",4.1,2024-01-18 06:05:36.860,18-01-2024 06:05,37.6914,35.4628,5.169,Turkey,https://earthquake.usgs.gov/earthquakes/eventpage/us6000m4dg
us6000m4d4,M 5.3 - South Sandwich Islands region,5.3,2024-01-18 05:12:15.019,18-01-2024 05:12,-59.652,-26.2875,56.894,South Sandwich Islands region,https://earthquake.usgs.gov/earthquakes/eventpage/us6000m4d4
us6000m4c9,"M 5.8 - 116 km WSW of Houma, Tonga",5.8,2024-01-18 04:50:01.458,18-01-2024 04:50,-21.6325,-176.3137,155.0,Tonga,https://earthquake.usgs.gov/earthquakes/eventpage/us6000m4c9
us7000ltqz,"M 4.6 - 273 km SSW of ‘Ohonua, Tonga",4.6,2024-01-18 03:36:51.137,18-01-2024 03:36,-23.6155,-176.0053,58.4,Tonga,https://earthquake.usgs.gov/earthquakes/eventpage/us7000ltqz
us6000m4c2,"M 4.7 - 10 km NE of Labuan Bajo, Indonesia",4.7,2024-01-18 03:35:57.025,18-01-2024 03:35,-8.429,119.9523,192.679,Indonesia,https://earthquake.usgs.gov/earthquakes/eventpage/us6000m4c2
us6000m4c1,M 4.9 - south of the Fiji Islands,4.9,2024-01-18 03:10:34.206,18-01-2024 03:10,-23.7536,178.8005,575.179,south of the Fiji Islands,https://earthquake.usgs.gov/earthquakes/eventpage/us6000m4c1
us7000ltr1,"M 4.4 - 104 km ENE of Barcelona, Philippines",4.4,2024-01-18 02:41:38.888,18-01-2024 02:41,8.556,127.2993,10.0,Philippines,https://earthquake.usgs.gov/earthquakes/eventpage/us7000ltr1
us7000ltqx,"M 4.5 - 34 km N of Yigo Village, Guam",4.5,2024-01-18 01:56:46.692,18-01-2024 01:56,13.8386,144.949,146.143,Guam,https://earthquake.usgs.gov/earthquakes/eventpage/us7000ltqx
us7000ltqy,"M 4.4 - 63 km WSW of Sado, Japan",4.4,2024-01-18 01:51:37.376,18-01-2024 01:51,37.7575,137.7202,10.0,Japan,https://earthquake.usgs.gov/earthquakes/eventpage/us7000ltqy
us7000ltr3,"M 4.4 - 121 km SE of Pondaguitan, Philippines",4.4,2024-01-18 01:48:29.671,18-01-2024 01:48,5.7416,127.0838,115.154,Philippines,https://earthquake.usgs.gov/earthquakes/eventpage/us7000ltr3
us7000ltqv,"M 4.5 - 118 km WSW of Ternate, Indonesia",4.5,2024-01-18 01:47:30.466,18-01-2024 01:47,0.4372,126.3801,40.124,Indonesia,https://earthquake.usgs.gov/earthquakes/eventpage/us7000ltqv
us6000m4bs,"M 4.6 - 292 km SSW of Bengkulu, Indonesia",4.6,2024-01-18 01:38:29.434,18-01-2024 01:38,-6.3153,101.442,10.0,Indonesia,https://earthquake.usgs.gov/earthquakes/eventpage/us6000m4bs
us7000ltqw,"M 4.6 - 115 km ENE of Barcelona, Philippines",4.6,2024-01-18 01:33:27.633,18-01-2024 01:33,8.5946,127.3913,10.0,Philippines,https://earthquake.usgs.gov/earthquakes/eventpage/us7000ltqw
pr2024017003,"M 4.0 - 75 km N of Charlotte Amalie, U.S. Virgin Islands",4.02,2024-01-17 23:11:11.650,17-01-2024 23:11,19.0211,-64.9736,24.0,U.S. Virgin Islands,https://earthquake.usgs.gov/earthquakes/eventpage/pr2024017003
us6000m4aw,"M 5.0 - 175 km S of ‘Ohonua, Tonga",5.0,2024-01-17 22:10:52.085,17-01-2024 22:10,-22.914,-175.1371,10.0,Tonga,https://earthquake.usgs.gov/earthquakes/eventpage/us6000m4aw
us7000lti3,"M 4.2 - 237 km WSW of Tual, Indonesia",4.2,2024-01-17 21:48:33.006,17-01-2024 21:48,-6.1569,130.6739,128.005,Indonesia,https://earthquake.usgs.gov/earthquakes/eventpage/us7000lti3
us6000m4af,M 5.0 - southeast central Pacific Ocean,5.0,2024-01-17 21:34:10.671,17-01-2024 21:34,-28.9612,-93.9187,10.0,southeast central Pacific Ocean,https://earthquake.usgs.gov/earthquakes/eventpage/us6000m4af
us6000m4aa,"M 4.4 - 78 km SE of La Tirana, Chile",4.4,2024-01-17 21:21:10.484,17-01-2024 21:21,-20.7853,-69.0696,109.343,Chile,https://earthquake.usgs.gov/earthquakes/eventpage/us6000m4aa
us6000m4a6,M 4.1 - off the west coast of northern Sumatra,4.1,2024-01-17 20:16:37.882,17-01-2024 20:16,2.077,92.3796,10.0,off the west coast of northern Sumatra,https://earthquake.usgs.gov/earthquakes/eventpage/us6000m4a6
us6000m48n,"M 4.9 - 126 km SSW of Abepura, Indonesia",4.9,2024-01-17 18:29:37.959,17-01-2024 18:29,-3.6254,140.1434,36.171,Indonesia,https://earthquake.usgs.gov/earthquakes/eventpage/us6000m48n
us7000lthz,"M 4.4 - 35 km SSE of Inarajan Village, Guam",4.4,2024-01-17 17:38:22.276,17-01-2024 17:38,12.9623,144.823,60.544,Guam,https://earthquake.usgs.gov/earthquakes/eventpage/us7000lthz
us7000lthy,"M 4.4 - 242 km ENE of Levuka, Fiji",4.4,2024-01-17 17:26:47.882,17-01-2024 17:26,-17.5117,-178.4697,550.413,Fiji,https://earthquake.usgs.gov/earthquakes/eventpage/us7000lthy
us6000m483,"M 4.5 - 81 km WSW of Gorontalo, Indonesia",4.5,2024-01-17 16:51:36.053,17-01-2024 16:51,0.3008,122.3663,145.933,Indonesia,https://earthquake.usgs.gov/earthquakes/eventpage/us6000m483
us7000lthw,"M 4.4 - Pagan region, Northern Mariana Islands",4.4,2024-01-17 16:15:03.424,17-01-2024 16:15,18.1155,145.659,254.288,Northern Mariana Islands,https://earthquake.usgs.gov/earthquakes/eventpage/us7000lthw
us7000ltht,"M 4.1 - 142 km WSW of Banda Aceh, Indonesia",4.1,2024-01-17 15:39:26.387,17-01-2024 15:39,5.1747,94.1049,31.675,Indonesia,https://earthquake.usgs.gov/earthquakes/eventpage/us7000ltht
us6000m47u,"M 4.7 - 32 km SW of Meulaboh, Indonesia",4.7,2024-01-17 15:18:06.634,17-01-2024 15:18,3.9569,95.8972,58.424,Indonesia,https://earthquake.usgs.gov/earthquakes/eventpage/us6000m47u
us7000lths,"M 4.2 - 15 km NE of Madang, Papua New Guinea",4.2,2024-01-17 15:16:50.944,17-01-2024 15:16,-5.1378,145.8976,84.13,Papua New Guinea,https://earthquake.usgs.gov/earthquakes/eventpage/us7000lths
us7000lthr,"M 4.4 - Maug Islands region, Northern Mariana Islands",4.4,2024-01-17 14:50:58.381,17-01-2024 14:50,19.3185,145.6748,10.0,Northern Mariana Islands,https://earthquake.usgs.gov/earthquakes/eventpage/us7000lthr
us7000lti6,"M 4.4 - 26 km N of Hihifo, Tonga",4.4,2024-01-17 14:22:11.243,17-01-2024 14:22,-15.7206,-173.7704,64.152,Tonga,https://earthquake.usgs.gov/earthquakes/eventpage/us7000lti6
us6000m47p,"M 4.5 - 125 km S of Akureyri, Iceland",4.5,2024-01-17 14:14:46.284,17-01-2024 14:14,64.5686,-17.7961,10.0,Iceland,https://earthquake.usgs.gov/earthquakes/eventpage/us6000m47p
us7000lthq,"M 4.6 - 156 km SSE of Isangel, Vanuatu",4.6,2024-01-17 13:48:58.296,17-01-2024 13:48,-20.7739,170.0063,10.0,Vanuatu,https://earthquake.usgs.gov/earthquakes/eventpage/us7000lthq
us7000lthm,"M 4.5 - 169 km SSE of Isangel, Vanuatu",4.5,2024-01-17 13:12:57.274,17-01-2024 13:12,-20.8734,170.0765,10.0,Vanuatu,https://earthquake.usgs.gov/earthquakes/eventpage/us7000lthm
us6000m46a,"M 5.0 - 219 km N of Saipan, Northern Mariana Islands",5.0,2024-01-17 13:00:49.087,17-01-2024 13:00,17.1875,145.9299,146.317,Northern Mariana Islands,https://earthquake.usgs.gov/earthquakes/eventpage/us6000m46a
us7000lti0,"M 4.2 - 110 km NNE of Tobelo, Indonesia",4.2,2024-01-17 12:42:22.519,17-01-2024 12:42,2.6602,128.3711,201.593,Indonesia,https://earthquake.usgs.gov/earthquakes/eventpage/us7000lti0
us6000m45x,"M 5.6 - 29 km NE of Hinatuan, Philippines",5.6,2024-01-17 12:32:01.191,17-01-2024 12:32,8.558,126.5225,39.0,Philippines,https://earthquake.usgs.gov/earthquakes/eventpage/us6000m45x
us7000lthi,M 4.4 - north of Severnaya Zemlya,4.4,2024-01-17 10:57:47.567,17-01-2024 10:57,83.4698,114.7456,10.0,north of Severnaya Zemlya,https://earthquake.usgs.gov/earthquakes/eventpage/us7000lthi
us7000lthh,"M 4.2 - 64 km W of Tobelo, Indonesia",4.2,2024-01-17 10:34:15.630,17-01-2024 10:34,1.7122,127.4324,161.817,Indonesia,https://earthquake.usgs.gov/earthquakes/eventpage/us7000lthh
us6000m45s,"M 4.5 - 94 km NNE of Baukau, Timor Leste",4.5,2024-01-17 10:15:22.631,17-01-2024 10:15,-7.6536,126.6732,189.836,Timor Leste,https://earthquake.usgs.gov/earthquakes/eventpage/us6000m45s
us7000lthd,"M 4.5 - 119 km SE of Alo, Wallis and Futuna",4.5,2024-01-17 05:54:19.505,17-01-2024 05:54,-15.1112,-177.364,10.0,Wallis and Futuna,https://earthquake.usgs.gov/earthquakes/eventpage/us7000lthd
us6000m44s,"M 4.4 - 78 km SW of Atocha, Bolivia",4.4,2024-01-17 04:19:40.146,17-01-2024 04:19,-21.4208,-66.7706,212.776,Bolivia,https://earthquake.usgs.gov/earthquakes/eventpage/us6000m44s
pr2024017000,"M 4.4 - 9 km SW of Guánica, Puerto Rico",4.4,2024-01-17 03:07:42.000,17-01-2024 03:07,17.91,-66.9686,10.0,Puerto Rico,https://earthquake.usgs.gov/earthquakes/eventpage/pr2024017000
us7000lth9,"M 4.4 - 8 km NNW of El Paraíso, Mexico",4.4,2024-01-17 03:02:40.952,17-01-2024 03:02,17.5834,-95.1859,129.52,Mexico,https://earthquake.usgs.gov/earthquakes/eventpage/us7000lth9
us7000ltha,M 4.4 - south of the Kermadec Islands,4.4,2024-01-17 01:10:08.079,17-01-2024 01:10,-32.5597,-178.0206,10.0,south of the Kermadec Islands,https://earthquake.usgs.gov/earthquakes/eventpage/us7000ltha
us6000m441,"M 4.3 - 8 km NW of Ashkāsham, Afghanistan",4.3,2024-01-17 00:40:51.195,17-01-2024 00:40,36.7277,71.4547,179.852,Afghanistan,https://earthquake.usgs.gov/earthquakes/eventpage/us6000m441
us6000m43k,"M 4.5 - 19 km WSW of Dompu, Indonesia",4.5,2024-01-16 22:28:16.751,16-01-2024 22:28,-8.6149,118.3022,136.247,Indonesia,https://earthquake.usgs.gov/earthquakes/eventpage/us6000m43k
us6000m42v,"M 4.4 - 57 km SSE of Shikotan, Russia",4.4,2024-01-16 19:51:18.579,16-01-2024 19:51,43.3628,147.1076,35.0,Russia,https://earthquake.usgs.gov/earthquakes/eventpage/us6000m42v
us7000lt8y,"M 4.0 - Kepulauan Babar, Indonesia",4.0,2024-01-16 19:43:17.767,16-01-2024 19:43,-7.0551,129.7095,110.231,Indonesia,https://earthquake.usgs.gov/earthquakes/eventpage/us7000lt8y
us6000m42l,"M 4.1 - 11 km SSE of Adak, Alaska",4.1,2024-01-16 18:13:31.643,16-01-2024 18:13,51.7831,-176.5467,70.326,Alaska,https://earthquake.usgs.gov/earthquakes/eventpage/us6000m42l
us6000m42g,"M 4.8 - 130 km E of Bitung, Indonesia",4.8,2024-01-16 18:03:50.427,16-01-2024 18:03,1.3347,126.2949,25.01,Indonesia,https://earthquake.usgs.gov/earthquakes/eventpage/us6000m42g
us7000lt8q,"M 4.2 - 28 km WNW of Manado, Indonesia",4.2,2024-01-16 17:57:13.510,16-01-2024 17:57,1.5479,124.6017,223.021,Indonesia,https://earthquake.usgs.gov/earthquakes/eventpage/us7000lt8q
us7000lt8t,"M 4.3 - 155 km W of Neiafu, Tonga",4.3,2024-01-16 17:20:17.257,16-01-2024 17:20,-18.3909,-175.4275,230.333,Tonga,https://earthquake.usgs.gov/earthquakes/eventpage/us7000lt8t
us7000lt8n,"M 4.1 - 70 km NNE of Gili Air, Indonesia",4.1,2024-01-16 17:04:28.759,16-01-2024 17:04,-7.816,116.4278,256.296,Indonesia,https://earthquake.usgs.gov/earthquakes/eventpage/us7000lt8n
us7000lt8l,"M 4.5 - 25 km ESE of Madang, Papua New Guinea",4.5,2024-01-16 15:36:40.061,16-01-2024 15:36,-5.326,145.9895,9.968,Papua New Guinea,https://earthquake.usgs.gov/earthquakes/eventpage/us7000lt8l
us7000lt8j,"M 4.5 - 213 km WSW of Houma, Tonga",4.5,2024-01-16 14:55:09.846,16-01-2024 14:55,-22.0236,-177.151,197.471,Tonga,https://earthquake.usgs.gov/earthquakes/eventpage/us7000lt8j
us7000lt8k,"M 4.5 - 110 km S of Kokopo, Papua New Guinea",4.5,2024-01-16 14:51:25.822,16-01-2024 14:51,-5.3334,152.3856,48.878,Papua New Guinea,https://earthquake.usgs.gov/earthquakes/eventpage/us7000lt8k
us7000lt8i,"M 4.5 - 33 km SSE of Lata, Solomon Islands",4.5,2024-01-16 14:26:59.821,16-01-2024 14:26,-11.0177,165.884,60.13,Solomon Islands,https://earthquake.usgs.gov/earthquakes/eventpage/us7000lt8i
us7000lt8f,"M 4.5 - 143 km NNW of Finschhafen, Papua New Guinea",4.5,2024-01-16 12:49:25.681,16-01-2024 12:49,-5.4231,147.2224,210.511,Papua New Guinea,https://earthquake.usgs.gov/earthquakes/eventpage/us7000lt8f
us6000m3zt,"M 4.5 - 263 km NE of Kuril’sk, Russia",4.5,2024-01-16 12:01:01.538,16-01-2024 12:01,47.1501,149.8809,246.598,Russia,https://earthquake.usgs.gov/earthquakes/eventpage/us6000m3zt
us7000lt8c,"M 4.3 - 203 km ENE of Levuka, Fiji",4.3,2024-01-16 10:57:22.938,16-01-2024 10:57,-17.5758,-178.8317,540.432,Fiji,https://earthquake.usgs.gov/earthquakes/eventpage/us7000lt8c
us6000m3yi,"M 4.4 - 47 km SE of Pedasí, Panama",4.4,2024-01-16 10:35:22.056,16-01-2024 10:35,7.1797,-79.7804,10.0,Panama,https://earthquake.usgs.gov/earthquakes/eventpage/us6000m3yi
us6000m3wz,M 4.5 - Fiji region,4.5,2024-01-16 09:48:42.430,16-01-2024 09:48,-21.6979,-179.351,580.146,Fiji region,https://earthquake.usgs.gov/earthquakes/eventpage/us6000m3wz
us6000m3wx,"M 4.7 - 14 km SW of Anamizu, Japan",4.7,2024-01-16 09:42:16.421,16-01-2024 09:42,37.1307,136.7977,10.0,Japan,https://earthquake.usgs.gov/earthquakes/eventpage/us6000m3wx
us7000lt88,M 4.3 - south of the Fiji Islands,4.3,2024-01-16 08:56:48.083,16-01-2024 08:56,-23.1139,179.9098,489.746,south of the Fiji Islands,https://earthquake.usgs.gov/earthquakes/eventpage/us7000lt88
us6000m3wr,"M 4.3 - 114 km ENE of Lhasa, China",4.3,2024-01-16 08:45:20.524,16-01-2024 08:45,29.8765,92.2512,10.0,China,https://earthquake.usgs.gov/earthquakes/eventpage/us6000m3wr
us6000m3wa,"M 4.8 - 53 km SE of Hengchun, Taiwan",4.8,2024-01-16 07:12:31.428,16-01-2024 07:12,21.626,121.059,24.159,Taiwan,https://earthquake.usgs.gov/earthquakes/eventpage/us6000m3wa
us7000lt85,"M 4.1 - 288 km N of Tobelo, Indonesia",4.1,2024-01-16 05:35:56.692,16-01-2024 05:35,4.3024,128.4198,8.542,Indonesia,https://earthquake.usgs.gov/earthquakes/eventpage/us7000lt85
us6000m3vk,"M 4.6 - 9 km WSW of Pórto Chéli, Greece",4.6,2024-01-16 05:20:50.362,16-01-2024 05:20,37.2983,23.0379,10.0,Greece,https://earthquake.usgs.gov/earthquakes/eventpage/us6000m3vk
ak024qjanyi,"M 4.5 - 65 km NE of Teller, Alaska",4.5,2024-01-16 04:53:09.647,16-01-2024 04:53,65.6298,-165.2551,10.8,Alaska,https://earthquake.usgs.gov/earthquakes/eventpage/ak024qjanyi
us7000lt89,"M 4.2 - 74 km N of Namuac, Philippines",4.2,2024-01-16 04:15:44.150,16-01-2024 04:15,19.2761,121.2515,35.0,Philippines,https://earthquake.usgs.gov/earthquakes/eventpage/us7000lt89
us7000lt8a,"M 4.5 - 38 km WSW of Calongbuyan, Philippines",4.5,2024-01-16 04:14:21.038,16-01-2024 04:14,17.056,120.0884,35.0,Philippines,https://earthquake.usgs.gov/earthquakes/eventpage/us7000lt8a
us7000lt83,"M 4.4 - 69 km N of Namuac, Philippines",4.4,2024-01-16 04:06:52.470,16-01-2024 04:06,19.2376,121.1321,35.0,Philippines,https://earthquake.usgs.gov/earthquakes/eventpage/us7000lt83
us7000lt87,"M 4.2 - 58 km NNW of Ende, Indonesia",4.2,2024-01-16 03:55:41.380,16-01-2024 03:55,-8.355,121.4569,204.582,Indonesia,https://earthquake.usgs.gov/earthquakes/eventpage/us7000lt87
us6000m3vl,"M 4.1 - 40 km SSW of Padam, India",4.1,2024-01-16 03:23:53.611,16-01-2024 03:23,33.1245,76.7306,10.0,India,https://earthquake.usgs.gov/earthquakes/eventpage/us6000m3vl
us6000m3vb,M 4.5 - Banda Sea,4.5,2024-01-16 03:16:55.223,16-01-2024 03:16,-6.5954,129.9871,156.244,Banda Sea,https://earthquake.usgs.gov/earthquakes/eventpage/us6000m3vb
us7000lt82,"M 4.0 - 299 km SSE of Preobrazheniye, Russia",4.0,2024-01-16 03:07:54.882,16-01-2024 03:07,40.2957,134.8368,415.804,Russia,https://earthquake.usgs.gov/earthquakes/eventpage/us7000lt82
us6000m3v7,"M 4.2 - 30 km ESE of Longaví, Chile",4.2,2024-01-16 02:34:24.914,16-01-2024 02:34,-36.0936,-71.3848,118.838,Chile,https://earthquake.usgs.gov/earthquakes/eventpage/us6000m3v7
us7000lt80,"M 4.1 - 203 km S of Ōyama, Japan",4.1,2024-01-16 01:18:21.942,16-01-2024 01:18,32.7676,138.1824,10.0,Japan,https://earthquake.usgs.gov/earthquakes/eventpage/us7000lt80
us6000m3uj,"M 4.2 - 87 km WSW of San Pedro de Atacama, Chile",4.2,2024-01-15 23:11:32.762,15-01-2024 23:11,-23.3186,-68.9289,91.604,Chile,https://earthquake.usgs.gov/earthquakes/eventpage/us6000m3uj
us7000lsyn,"M 4.5 - Kermadec Islands, New Zealand",4.5,2024-01-15 22:08:35.803,15-01-2024 22:08,-30.4756,-178.4227,35.0,New Zealand,https://earthquake.usgs.gov/earthquakes/eventpage/us7000lsyn
us7000lsyp,"M 4.7 - 183 km WNW of Panguna, Papua New Guinea",4.7,2024-01-15 22:00:13.026,15-01-2024 22:00,-5.7982,153.9085,10.0,Papua New Guinea,https://earthquake.usgs.gov/earthquakes/eventpage/us7000lsyp
us6000m3uc,"M 5.2 - Kermadec Islands, New Zealand",5.2,2024-01-15 21:56:59.176,15-01-2024 21:56,-30.682,-178.0763,32.759,New Zealand,https://earthquake.usgs.gov/earthquakes/eventpage/us6000m3uc
us7000lsyq,"M 4.1 - 26 km SE of Jurm, Afghanistan",4.1,2024-01-15 21:55:13.406,15-01-2024 21:55,36.7295,71.0844,210.814,Afghanistan,https://earthquake.usgs.gov/earthquakes/eventpage/us7000lsyq
us6000m3u4,"M 4.7 - 154 km NW of Antofagasta de la Sierra, Argentina",4.7,2024-01-15 21:37:22.137,15-01-2024 21:37,-24.9312,-68.3176,97.204,Argentina,https://earthquake.usgs.gov/earthquakes/eventpage/us6000m3u4
us6000m3te,"M 4.4 - 89 km ENE of Diego de Almagro, Chile",4.4,2024-01-15 18:44:38.796,15-01-2024 18:44,-26.135,-69.1916,111.459,Chile,https://earthquake.usgs.gov/earthquakes/eventpage/us6000m3te
us6000m3tc,"M 4.0 - 44 km NNW of Khandūd, Afghanistan",4.0,2024-01-15 18:23:26.907,15-01-2024 18:23,37.3217,72.1365,228.761,Afghanistan,https://earthquake.usgs.gov/earthquakes/eventpage/us6000m3tc
us6000m3t9,M 5.1 - Bouvet Island region,5.1,2024-01-15 17:30:26.555,15-01-2024 17:30,-53.8774,3.0625,10.0,Bouvet Island region,https://earthquake.usgs.gov/earthquakes/eventpage/us6000m3t9
us6000m3t5,"M 5.1 - 106 km NNW of Isangel, Vanuatu",5.1,2024-01-15 16:43:07.427,15-01-2024 16:43,-18.7157,168.754,150.788,Vanuatu,https://earthquake.usgs.gov/earthquakes/eventpage/us6000m3t5
us7000lsyc,"M 4.6 - 79 km NW of Malango, Solomon Islands",4.6,2024-01-15 15:01:34.577,15-01-2024 15:01,-9.1639,159.2251,11.631,Solomon Islands,https://earthquake.usgs.gov/earthquakes/eventpage/us7000lsyc
us6000m3sj,"M 4.2 - 71 km SSW of Nueva Concepción, Guatemala",4.2,2024-01-15 14:33:45.538,15-01-2024 14:33,13.5843,-91.4894,29.793,Guatemala,https://earthquake.usgs.gov/earthquakes/eventpage/us6000m3sj
us6000m3se,"M 4.5 - 85 km WNW of El Aguilar, Argentina",4.5,2024-01-15 14:05:14.505,15-01-2024 14:05,-22.9964,-66.4801,220.255,Argentina,https://earthquake.usgs.gov/earthquakes/eventpage/us6000m3se
us6000m3sf,"M 5.0 - 120 km SSE of Sarangani, Philippines",5.0,2024-01-15 14:04:35.409,15-01-2024 14:04,4.3428,125.7007,88.75,Philippines,https://earthquake.usgs.gov/earthquakes/eventpage/us6000m3sf
us7000lsyb,"M 4.1 - 20 km SE of Lumding Railway Colony, India",4.1,2024-01-15 13:42:34.566,15-01-2024 13:42,25.6032,93.2892,10.0,India,https://earthquake.usgs.gov/earthquakes/eventpage/us7000lsyb
us7000lsya,"M 4.3 - 187 km SSE of Isangel, Vanuatu",4.3,2024-01-15 13:32:21.851,15-01-2024 13:32,-21.1086,169.9654,100.716,Vanuatu,https://earthquake.usgs.gov/earthquakes/eventpage/us7000lsya
us6000m3sa,"M 5.2 - 62 km NW of Kurumkan, Russia",5.2,2024-01-15 12:52:26.490,15-01-2024 12:52,54.7762,109.7358,10.0,Russia,https://earthquake.usgs.gov/earthquakes/eventpage/us6000m3sa
us7000lsyj,M 4.7 - Kermadec Islands region,4.7,2024-01-15 12:16:16.905,15-01-2024 12:16,-27.369,-176.4353,44.162,Kermadec Islands region,https://earthquake.usgs.gov/earthquakes/eventpage/us7000lsyj
us7000lsy4,M 4.5 - southeast Indian Ridge,4.5,2024-01-15 12:05:45.170,15-01-2024 12:05,-49.0449,107.039,10.0,southeast Indian Ridge,https://earthquake.usgs.gov/earthquakes/eventpage/us7000lsy4
us7000lsy5,M 4.1 - Kermadec Islands region,4.1,2024-01-15 11:59:00.431,15-01-2024 11:59,-27.3761,-176.7332,49.206,Kermadec Islands region,https://earthquake.usgs.gov/earthquakes/eventpage/us7000lsy5
us6000m3r0,"M 4.8 - 7 km NNE of Hinatuan, Philippines",4.8,2024-01-15 11:31:25.572,15-01-2024 11:31,8.4334,126.3668,78.052,Philippines,https://earthquake.usgs.gov/earthquakes/eventpage/us6000m3r0
us6000m3qt,"M 4.3 - 14 km E of Betulia, Colombia",4.3,2024-01-15 11:23:19.711,15-01-2024 11:23,6.8935,-73.1499,151.315,Colombia,https://earthquake.usgs.gov/earthquakes/eventpage/us6000m3qt
ci40460015,"M 4.4 - 40 km S of San Clemente Is. (SE tip), CA",4.43,2024-01-15 10:44:10.130,15-01-2024 10:44,32.4636667,-118.2878333,5.91,CA,https://earthquake.usgs.gov/earthquakes/eventpage/ci40460015
us6000m3qd,"M 4.2 - 6 km WNW of Paltin, Romania",4.2,2024-01-15 09:01:48.572,15-01-2024 09:01,45.7964,26.6386,75.376,Romania,https://earthquake.usgs.gov/earthquakes/eventpage/us6000m3qd
ak024oxx4xg,"M 4.6 - 59 km SSE of Chignik, Alaska",4.6,2024-01-15 08:16:16.585,15-01-2024 08:16,55.7704,-158.1914,59.0,Alaska,https://earthquake.usgs.gov/earthquakes/eventpage/ak024oxx4xg
us6000m3q5,"M 4.6 - 293 km SSE of Ambon, Indonesia",4.6,2024-01-15 07:35:27.700,15-01-2024 07:35,-6.2979,128.7139,252.219,Indonesia,https://earthquake.usgs.gov/earthquakes/eventpage/us6000m3q5
us7000lsxw,"M 4.9 - 120 km SE of Pangai, Tonga",4.9,2024-01-15 05:47:12.445,15-01-2024 05:47,-20.6863,-173.6654,10.0,Tonga,https://earthquake.usgs.gov/earthquakes/eventpage/us7000lsxw
us6000m3pm,"M 5.0 - 9 km NE of San Pedro de Atacama, Chile",5.0,2024-01-15 05:17:38.249,15-01-2024 05:17,-22.8576,-68.1246,99.92,Chile,https://earthquake.usgs.gov/earthquakes/eventpage/us6000m3pm
us7000lsy0,"M 4.3 - 66 km NNW of Pante Makasar, Timor Leste",4.3,2024-01-15 03:10:41.847,15-01-2024 03:10,-8.6757,124.0964,82.536,Timor Leste,https://earthquake.usgs.gov/earthquakes/eventpage/us7000lsy0
us6000m3pg,"M 4.1 - Izu Islands, Japan region",4.1,2024-01-15 03:08:51.621,15-01-2024 03:08,30.5564,137.8109,471.233,Japan region,https://earthquake.usgs.gov/earthquakes/eventpage/us6000m3pg
us6000m3q4,"M 4.8 - 166 km SSW of ‘Ohonua, Tonga",4.8,2024-01-15 02:55:40.705,15-01-2024 02:55,-22.7992,-175.3473,10.0,Tonga,https://earthquake.usgs.gov/earthquakes/eventpage/us6000m3q4
us7000lsxu,"M 4.2 - 243 km S of Alo, Wallis and Futuna",4.2,2024-01-15 02:31:09.678,15-01-2024 02:31,-16.4788,-177.7167,390.321,Wallis and Futuna,https://earthquake.usgs.gov/earthquakes/eventpage/us7000lsxu
us6000m3ns,"M 5.0 - 175 km S of ‘Ohonua, Tonga",5.0,2024-01-15 00:50:53.163,15-01-2024 00:50,-22.9137,-175.1313,10.0,Tonga,https://earthquake.usgs.gov/earthquakes/eventpage/us6000m3ns
us7000lsxv,"M 4.3 - Maug Islands region, Northern Mariana Islands",4.3,2024-01-15 00:33:48.252,15-01-2024 00:33,20.1959,145.4896,10.0,Northern Mariana Islands,https://earthquake.usgs.gov/earthquakes/eventpage/us7000lsxv
us7000lsyt,"M 4.2 - 84 km SSW of Hihifo, Tonga",4.2,2024-01-15 00:16:08.434,15-01-2024 00:16,-16.6856,-174.017,120.79,Tonga,https://earthquake.usgs.gov/earthquakes/eventpage/us7000lsyt
us6000m3np,"M 4.3 - 80 km NNE of Hamatonbetsu, Japan",4.3,2024-01-15 00:15:06.226,15-01-2024 00:15,45.817,142.7299,308.719,Japan,https://earthquake.usgs.gov/earthquakes/eventpage/us6000m3np
us6000m3na,"M 4.2 - 77 km SSW of La Gomera, Guatemala",4.2,2024-01-14 21:24:08.694,14-01-2024 21:24,13.4905,-91.4408,42.808,Guatemala,https://earthquake.usgs.gov/earthquakes/eventpage/us6000m3na
us6000m3n4,"M 4.3 - 56 km SSW of La Gomera, Guatemala",4.3,2024-01-14 21:14:49.186,14-01-2024 21:14,13.6209,-91.2772,64.575,Guatemala,https://earthquake.usgs.gov/earthquakes/eventpage/us6000m3n4
us6000m4rz,M 4.3 - South Sandwich Islands region,4.3,2024-01-14 17:18:33.485,14-01-2024 17:18,-58.7149,-25.1107,27.169,South Sandwich Islands region,https://earthquake.usgs.gov/earthquakes/eventpage/us6000m4rz
us6000m4ru,"M 4.2 - 55 km SSW of Champerico, Guatemala",4.2,2024-01-14 16:31:25.224,14-01-2024 16:31,13.8374,-92.1197,35.0,Guatemala,https://earthquake.usgs.gov/earthquakes/eventpage/us6000m4ru
us6000m4ry,"M 4.4 - Pagan region, Northern Mariana Islands",4.4,2024-01-14 16:14:36.233,14-01-2024 16:14,18.84,144.9599,10.0,Northern Mariana Islands,https://earthquake.usgs.gov/earthquakes/eventpage/us6000m4ry
us6000m4rt,"M 4.2 - 39 km N of Yigo Village, Guam",4.2,2024-01-14 16:13:36.749,14-01-2024 16:13,13.8856,144.8199,187.174,Guam,https://earthquake.usgs.gov/earthquakes/eventpage/us6000m4rt
us6000m3m5,M 4.9 - central Mid-Atlantic Ridge,4.9,2024-01-14 15:34:16.418,14-01-2024 15:34,-0.8186,-22.1074,10.0,central Mid-Atlantic Ridge,https://earthquake.usgs.gov/earthquakes/eventpage/us6000m3m5
us6000m4rr,"M 4.5 - 181 km S of ‘Ohonua, Tonga",4.5,2024-01-14 15:03:04.943,14-01-2024 15:03,-22.9541,-174.6178,10.0,Tonga,https://earthquake.usgs.gov/earthquakes/eventpage/us6000m4rr
us6000m4s1,"M 4.4 - 170 km S of ‘Ohonua, Tonga",4.4,2024-01-14 14:02:50.046,14-01-2024 14:02,-22.8633,-175.1922,35.794,Tonga,https://earthquake.usgs.gov/earthquakes/eventpage/us6000m4s1
us6000m3lx,"M 4.0 - 58 km SE of Wāngjing, India",4.0,2024-01-14 13:21:40.369,14-01-2024 13:21,24.2812,94.5378,92.954,India,https://earthquake.usgs.gov/earthquakes/eventpage/us6000m3lx
us6000m3lk,M 4.6 - Fiji region,4.6,2024-01-14 11:00:38.431,14-01-2024 11:00,-20.6137,-178.2551,521.317,Fiji region,https://earthquake.usgs.gov/earthquakes/eventpage/us6000m3lk
us6000m3li,"M 4.2 - 78 km W of San Antonio de los Cobres, Argentina",4.2,2024-01-14 10:57:16.977,14-01-2024 10:57,-24.3273,-67.0862,202.58,Argentina,https://earthquake.usgs.gov/earthquakes/eventpage/us6000m3li
us6000m3lj,"M 4.5 - 101 km SE of Sarangani, Philippines",4.5,2024-01-14 10:56:20.744,14-01-2024 10:56,4.8037,126.1553,92.124,Philippines,https://earthquake.usgs.gov/earthquakes/eventpage/us6000m3lj
us6000m4rm,M 4.3 - south of the Fiji Islands,4.3,2024-01-14 10:16:12.229,14-01-2024 10:16,-26.2741,179.9704,495.718,south of the Fiji Islands,https://earthquake.usgs.gov/earthquakes/eventpage/us6000m4rm
us6000m3le,"M 4.5 - 5 km W of Yacuiba, Bolivia",4.5,2024-01-14 09:54:10.520,14-01-2024 09:54,-22.018,-63.7278,537.312,Bolivia,https://earthquake.usgs.gov/earthquakes/eventpage/us6000m3le
us6000m3ld,"M 4.5 - 266 km WNW of Houma, Tonga",4.5,2024-01-14 09:30:00.617,14-01-2024 09:30,-20.3239,-177.7007,499.597,Tonga,https://earthquake.usgs.gov/earthquakes/eventpage/us6000m3ld
us6000m3lc,"M 4.1 - 255 km ESE of Kushimoto, Japan",4.1,2024-01-14 09:11:53.674,14-01-2024 09:11,32.2558,138.0997,369.746,Japan,https://earthquake.usgs.gov/earthquakes/eventpage/us6000m3lc
us6000m4rh,"M 4.4 - 171 km E of Lospalos, Timor Leste",4.4,2024-01-14 08:46:05.561,14-01-2024 08:46,-8.4555,128.5507,18.107,Timor Leste,https://earthquake.usgs.gov/earthquakes/eventpage/us6000m4rh
us7000lx4t,"M 4.0 - 14 km S of Salina Cruz, Mexico",4.0,2024-01-14 08:36:43.477,14-01-2024 08:36,16.0484,-95.1903,8.923,Mexico,https://earthquake.usgs.gov/earthquakes/eventpage/us7000lx4t
us6000m4rn,M 4.2 - west of Macquarie Island,4.2,2024-01-14 08:31:23.223,14-01-2024 08:31,-54.0088,140.5813,9.873,west of Macquarie Island,https://earthquake.usgs.gov/earthquakes/eventpage/us6000m4rn
us6000m3la,"M 4.9 - 4 km W of Fonte Bastardo, Portugal",4.9,2024-01-14 08:19:55.057,14-01-2024 08:19,38.6954,-27.1332,10.0,Portugal,https://earthquake.usgs.gov/earthquakes/eventpage/us6000m3la
us6000m4rf,"M 4.5 - 135 km N of Ba, Fiji",4.5,2024-01-14 07:33:51.118,14-01-2024 07:33,-16.3095,177.7366,10.0,Fiji,https://earthquake.usgs.gov/earthquakes/eventpage/us6000m4rf
us6000m4rd,M 4.4 - south of the Fiji Islands,4.4,2024-01-14 07:27:34.924,14-01-2024 07:27,-25.4818,179.7649,526.711,south of the Fiji Islands,https://earthquake.usgs.gov/earthquakes/eventpage/us6000m4rd
us6000m4re,"M 4.2 - 114 km SSW of Isangel, Vanuatu",4.2,2024-01-14 07:26:14.195,14-01-2024 07:26,-20.5087,168.9004,10.0,Vanuatu,https://earthquake.usgs.gov/earthquakes/eventpage/us6000m4re
us6000m4rc,"M 4.3 - 184 km WSW of Salluit, Canada",4.3,2024-01-14 06:41:40.967,14-01-2024 06:41,61.4739,-78.798,9.332,Canada,https://earthquake.usgs.gov/earthquakes/eventpage/us6000m4rc
us6000m4rb,"M 4.1 - 249 km E of Levuka, Fiji",4.1,2024-01-14 06:30:48.548,14-01-2024 06:30,-17.895,-178.3302,607.632,Fiji,https://earthquake.usgs.gov/earthquakes/eventpage/us6000m4rb
us7000lx4s,"M 4.0 - 1 km SSW of San Francisco Cozoaltepec, Mexico",4.0,2024-01-14 06:27:08.046,14-01-2024 06:27,15.8048,-96.7285,26.443,Mexico,https://earthquake.usgs.gov/earthquakes/eventpage/us7000lx4s
us6000m4ra,"M 4.1 - 68 km W of Tobelo, Indonesia",4.1,2024-01-14 05:44:16.197,14-01-2024 05:44,1.7303,127.3932,126.635,Indonesia,https://earthquake.usgs.gov/earthquakes/eventpage/us6000m4ra
us6000m4rk,"M 4.1 - 231 km SW of Yulara, Australia",4.1,2024-01-14 04:46:22.943,14-01-2024 04:46,-26.9549,129.6584,10.0,Australia,https://earthquake.usgs.gov/earthquakes/eventpage/us6000m4rk
us6000m4r5,"M 4.4 - 47 km WSW of Rabaul, Papua New Guinea",4.4,2024-01-14 03:22:35.410,14-01-2024 03:22,-4.3259,151.7546,225.494,Papua New Guinea,https://earthquake.usgs.gov/earthquakes/eventpage/us6000m4r5
us6000m3kd,"M 5.1 - 25 km WNW of Ollagüe, Chile",5.1,2024-01-14 01:08:13.509,14-01-2024 01:08,-21.1059,-68.4615,122.296,Chile,https://earthquake.usgs.gov/earthquakes/eventpage/us6000m3kd
us6000m4r4,"M 4.4 - 122 km SE of Kuril’sk, Russia",4.4,2024-01-14 00:56:37.382,14-01-2024 00:56,44.364,148.8381,48.848,Russia,https://earthquake.usgs.gov/earthquakes/eventpage/us6000m4r4
us6000m3kc,M 4.8 - Fiji region,4.8,2024-01-14 00:50:24.700,14-01-2024 00:50,-20.2719,-178.2739,554.748,Fiji region,https://earthquake.usgs.gov/earthquakes/eventpage/us6000m3kc
us6000m3k7,"M 4.6 - 176 km WNW of Labuha, Indonesia",4.6,2024-01-14 00:10:20.484,14-01-2024 00:10,-0.3092,125.9247,48.424,Indonesia,https://earthquake.usgs.gov/earthquakes/eventpage/us6000m3k7
us6000m3k3,"M 4.5 - 7 km NE of Lushnjë, Albania",4.5,2024-01-13 23:17:52.407,13-01-2024 23:17,40.9827,19.7687,28.604,Albania,https://earthquake.usgs.gov/earthquakes/eventpage/us6000m3k3
us6000m4qb,"M 4.0 - 86 km ESE of Hihifo, Tonga",4.0,2024-01-13 22:48:10.681,13-01-2024 22:48,-16.2472,-173.0454,37.309,Tonga,https://earthquake.usgs.gov/earthquakes/eventpage/us6000m4qb
us6000m4q7,"M 4.2 - 37 km WNW of Tomohon, Indonesia",4.2,2024-01-13 22:07:42.282,13-01-2024 22:07,1.4591,124.4982,243.669,Indonesia,https://earthquake.usgs.gov/earthquakes/eventpage/us6000m4q7
us6000m3jp,"M 4.2 - 156 km ESE of Terney, Russia",4.2,2024-01-13 20:57:03.680,13-01-2024 20:57,44.6521,138.5076,288.42,Russia,https://earthquake.usgs.gov/earthquakes/eventpage/us6000m3jp
us6000m3iy,"M 4.3 - 22 km WSW of Tocopilla, Chile",4.3,2024-01-13 16:55:54.731,13-01-2024 16:55,-22.1924,-70.3862,51.234,Chile,https://earthquake.usgs.gov/earthquakes/eventpage/us6000m3iy
us6000m4q2,"M 4.3 - 7 km W of Iwaki, Japan",4.3,2024-01-13 16:36:25.721,13-01-2024 16:36,37.041,140.8046,39.433,Japan,https://earthquake.usgs.gov/earthquakes/eventpage/us6000m4q2
us6000m4q1,M 4.5 - Kermadec Islands region,4.5,2024-01-13 16:19:51.800,13-01-2024 16:19,-28.5029,-176.7208,10.0,Kermadec Islands region,https://earthquake.usgs.gov/earthquakes/eventpage/us6000m4q1
us6000m4q0,"M 4.7 - 118 km NE of Hihifo, Tonga",4.7,2024-01-13 15:55:56.815,13-01-2024 15:55,-15.1793,-173.028,10.0,Tonga,https://earthquake.usgs.gov/earthquakes/eventpage/us6000m4q0
us6000m3ir,"M 4.1 - 40 km SSW of Ashkāsham, Afghanistan",4.1,2024-01-13 15:55:44.851,13-01-2024 15:55,36.3661,71.3171,219.305,Afghanistan,https://earthquake.usgs.gov/earthquakes/eventpage/us6000m3ir
us6000m4q5,M 4.6 - western Indian-Antarctic Ridge,4.6,2024-01-13 15:11:22.119,13-01-2024 15:11,-49.9789,114.846,10.0,western Indian-Antarctic Ridge,https://earthquake.usgs.gov/earthquakes/eventpage/us6000m4q5
us6000m3in,"M 4.9 - Izu Islands, Japan region",4.9,2024-01-13 15:10:59.196,13-01-2024 15:10,29.4746,141.5258,71.476,Japan region,https://earthquake.usgs.gov/earthquakes/eventpage/us6000m3in
us6000m4q4,"M 4.1 - 131 km WNW of Pangai, Tonga",4.1,2024-01-13 13:10:17.521,13-01-2024 13:10,-19.3836,-175.5255,225.287,Tonga,https://earthquake.usgs.gov/earthquakes/eventpage/us6000m4q4
us6000m4qe,"M 4.0 - 27 km S of Sinabang, Indonesia",4.0,2024-01-13 12:22:55.103,13-01-2024 12:22,2.2353,96.3526,25.087,Indonesia,https://earthquake.usgs.gov/earthquakes/eventpage/us6000m4qe
us6000m4pz,"M 4.5 - 180 km S of ‘Ohonua, Tonga",4.5,2024-01-13 11:51:53.738,13-01-2024 11:51,-22.9567,-174.6927,10.0,Tonga,https://earthquake.usgs.gov/earthquakes/eventpage/us6000m4pz
us6000m4q3,M 4.2 - South Sandwich Islands region,4.2,2024-01-13 11:50:50.357,13-01-2024 11:50,-59.9704,-24.2929,10.0,South Sandwich Islands region,https://earthquake.usgs.gov/earthquakes/eventpage/us6000m4q3
ok2024awva,"M 4.1 - 6 km ENE of Edmond, Oklahoma",4.1,2024-01-13 11:36:21.920,13-01-2024 11:36,35.6715,-97.41,6.58,Oklahoma,https://earthquake.usgs.gov/earthquakes/eventpage/ok2024awva
us6000m4ps,"M 4.4 - 4 km E of Tarangnan, Philippines",4.4,2024-01-13 11:07:55.696,13-01-2024 11:07,11.8975,124.785,9.584,Philippines,https://earthquake.usgs.gov/earthquakes/eventpage/us6000m4ps
us6000m3hb,"M 5.2 - 153 km E of Kokopo, Papua New Guinea",5.2,2024-01-13 09:08:21.345,13-01-2024 09:08,-4.5098,153.6413,49.052,Papua New Guinea,https://earthquake.usgs.gov/earthquakes/eventpage/us6000m3hb
us6000m4pt,"M 4.2 - 30 km ESE of Kupang, Indonesia",4.2,2024-01-13 08:46:24.689,13-01-2024 08:46,-10.3118,123.8462,10.0,Indonesia,https://earthquake.usgs.gov/earthquakes/eventpage/us6000m4pt
us6000m3h4,"M 4.5 - 103 km NNW of San Antonio de los Cobres, Argentina",4.5,2024-01-13 08:26:21.958,13-01-2024 08:26,-23.402,-66.8197,215.291,Argentina,https://earthquake.usgs.gov/earthquakes/eventpage/us6000m3h4
us6000m3gz,"M 4.5 - 20 km E of Honchō, Japan",4.5,2024-01-13 06:55:59.969,13-01-2024 06:55,43.6829,144.2772,10.474,Japan,https://earthquake.usgs.gov/earthquakes/eventpage/us6000m3gz
us6000m3g6,"M 4.2 - 13 km WSW of Puerto San José, Guatemala",4.2,2024-01-13 05:25:33.592,13-01-2024 05:25,13.8885,-90.9374,62.163,Guatemala,https://earthquake.usgs.gov/earthquakes/eventpage/us6000m3g6
us6000m3fz,"M 4.7 - 17 km NNW of Ishigaki, Japan",4.7,2024-01-13 04:47:19.260,13-01-2024 04:47,24.4849,124.0798,53.308,Japan,https://earthquake.usgs.gov/earthquakes/eventpage/us6000m3fz
us6000m4pp,M 4.5 - northern Mid-Atlantic Ridge,4.5,2024-01-13 04:47:06.624,13-01-2024 04:47,51.1438,-30.1916,10.0,northern Mid-Atlantic Ridge,https://earthquake.usgs.gov/earthquakes/eventpage/us6000m4pp
ok2024awfn,"M 4.3 - 6 km W of Arcadia, Oklahoma",4.26,2024-01-13 03:46:28.449,13-01-2024 03:46,35.66583333,-97.39816667,6.71,Oklahoma,https://earthquake.usgs.gov/earthquakes/eventpage/ok2024awfn
us6000m4qg,"M 4.2 - 16 km NE of Xylókastro, Greece",4.2,2024-01-13 03:40:29.181,13-01-2024 03:40,38.1789,22.7629,10.0,Greece,https://earthquake.usgs.gov/earthquakes/eventpage/us6000m4qg
us6000m3fc,"M 4.4 - 11 km E of Kýthira, Greece",4.4,2024-01-13 02:58:33.523,13-01-2024 02:58,36.1649,23.1149,10.0,Greece,https://earthquake.usgs.gov/earthquakes/eventpage/us6000m3fc
us6000m3fa,M 4.8 - Fiji region,4.8,2024-01-13 02:38:44.006,13-01-2024 02:38,-20.1456,-178.4358,584.161,Fiji region,https://earthquake.usgs.gov/earthquakes/eventpage/us6000m3fa
us6000m4pn,"M 4.3 - 166 km ESE of Petropavlovsk-Kamchatsky, Russia",4.3,2024-01-13 01:34:09.489,13-01-2024 01:34,52.3781,160.8182,10.0,Russia,https://earthquake.usgs.gov/earthquakes/eventpage/us6000m4pn
us6000m3f3,"M 4.3 - 180 km WSW of Adak, Alaska",4.3,2024-01-13 01:28:52.422,13-01-2024 01:28,51.2297,-179.0214,47.236,Alaska,https://earthquake.usgs.gov/earthquakes/eventpage/us6000m3f3
us6000m3f2,"M 4.8 - 176 km ENE of Olonkinbyen, Svalbard and Jan Mayen",4.8,2024-01-13 01:27:23.223,13-01-2024 01:27,71.4443,-4.0834,10.0,Svalbard and Jan Mayen,https://earthquake.usgs.gov/earthquakes/eventpage/us6000m3f2
us6000m4pm,"M 4.3 - 75 km WSW of Sado, Japan",4.3,2024-01-13 00:20:56.503,13-01-2024 00:20,37.6949,137.6093,10.0,Japan,https://earthquake.usgs.gov/earthquakes/eventpage/us6000m4pm
us6000m4pi,"M 4.6 - 142 km SE of Lata, Solomon Islands",4.6,2024-01-12 23:30:08.415,12-01-2024 23:30,-11.7672,166.5714,97.354,Solomon Islands,https://earthquake.usgs.gov/earthquakes/eventpage/us6000m4pi
us6000m4pg,"M 4.4 - 125 km NNE of Hihifo, Tonga",4.4,2024-01-12 22:48:59.919,12-01-2024 22:48,-14.8515,-173.517,10.0,Tonga,https://earthquake.usgs.gov/earthquakes/eventpage/us6000m4pg
us6000m3e5,"M 5.4 - 162 km SSW of ‘Ohonua, Tonga",5.4,2024-01-12 22:32:14.165,12-01-2024 22:32,-22.7238,-175.4777,10.0,Tonga,https://earthquake.usgs.gov/earthquakes/eventpage/us6000m3e5
us6000m4pc,"M 4.6 - 26 km WSW of Balangonan, Philippines",4.6,2024-01-12 19:52:14.391,12-01-2024 19:52,5.5013,125.1256,80.959,Philippines,https://earthquake.usgs.gov/earthquakes/eventpage/us6000m4pc
us6000m4pa,M 4.4 - Kermadec Islands region,4.4,2024-01-12 19:20:20.930,12-01-2024 19:20,-30.0844,-176.8331,10.0,Kermadec Islands region,https://earthquake.usgs.gov/earthquakes/eventpage/us6000m4pa
us6000m3d5,"M 4.3 - 9 km WSW of Anamizu, Japan",4.3,2024-01-12 19:04:30.314,12-01-2024 19:04,37.1881,136.8095,4.805,Japan,https://earthquake.usgs.gov/earthquakes/eventpage/us6000m3d5
us6000m3d1,"M 4.5 - 295 km E of Levuka, Fiji",4.5,2024-01-12 18:49:10.375,12-01-2024 18:49,-18.1817,-177.8929,617.61,Fiji,https://earthquake.usgs.gov/earthquakes/eventpage/us6000m3d1
us6000m4p5,"M 4.6 - 51 km ENE of Hinatuan, Philippines",4.6,2024-01-12 18:04:40.497,12-01-2024 18:04,8.5025,126.7873,62.826,Philippines,https://earthquake.usgs.gov/earthquakes/eventpage/us6000m4p5
us6000m4p6,"M 4.2 - 119 km ESE of Sarangani, Philippines",4.2,2024-01-12 18:02:34.156,12-01-2024 18:02,4.9202,126.4269,66.758,Philippines,https://earthquake.usgs.gov/earthquakes/eventpage/us6000m4p6
us6000m3ct,"M 4.3 - 34 km NNE of Dipayal, Nepal",4.3,2024-01-12 17:47:29.479,12-01-2024 17:47,29.522,81.1253,22.599,Nepal,https://earthquake.usgs.gov/earthquakes/eventpage/us6000m3ct
us6000m4p4,"M 4.4 - 124 km SE of Kuril’sk, Russia",4.4,2024-01-12 17:19:29.511,12-01-2024 17:19,44.4599,149.0288,30.257,Russia,https://earthquake.usgs.gov/earthquakes/eventpage/us6000m4p4
us6000m3cb,"M 4.6 - Izu Islands, Japan region",4.6,2024-01-12 15:58:02.250,12-01-2024 15:58,32.2783,141.824,23.974,Japan region,https://earthquake.usgs.gov/earthquakes/eventpage/us6000m3cb
us6000m3c6,"M 4.6 - Off the coast of Aisen, Chile",4.6,2024-01-12 15:53:50.579,12-01-2024 15:53,-44.3968,-78.9181,10.0,Chile,https://earthquake.usgs.gov/earthquakes/eventpage/us6000m3c6
us6000m3a4,"M 4.5 - 105 km NE of Sittwe, Myanmar",4.5,2024-01-12 15:24:28.521,12-01-2024 15:24,20.745,93.6907,49.464,Myanmar,https://earthquake.usgs.gov/earthquakes/eventpage/us6000m3a4
us6000m4p9,M 4.7 - southern Mid-Atlantic Ridge,4.7,2024-01-12 14:19:26.786,12-01-2024 14:19,-18.5574,-11.7338,10.0,southern Mid-Atlantic Ridge,https://earthquake.usgs.gov/earthquakes/eventpage/us6000m4p9
us6000m39t,"M 5.3 - 35 km SW of Quilca, Peru",5.3,2024-01-12 13:00:48.614,12-01-2024 13:00,-16.9464,-72.6584,65.305,Peru,https://earthquake.usgs.gov/earthquakes/eventpage/us6000m39t
us6000m39s,"M 4.4 - Izu Islands, Japan region",4.4,2024-01-12 12:43:19.548,12-01-2024 12:43,30.4991,138.5896,404.386,Japan region,https://earthquake.usgs.gov/earthquakes/eventpage/us6000m39s
us6000m39q,"M 4.1 - 8 km SW of Anamizu, Japan",4.1,2024-01-12 12:10:22.247,12-01-2024 12:10,37.1755,136.8342,6.735,Japan,https://earthquake.usgs.gov/earthquakes/eventpage/us6000m39q
us6000m39l,M 4.9 - southern Mid-Atlantic Ridge,4.9,2024-01-12 10:58:47.716,12-01-2024 10:58,-19.0851,-12.3392,10.0,southern Mid-Atlantic Ridge,https://earthquake.usgs.gov/earthquakes/eventpage/us6000m39l
us6000m39g,"M 4.7 - 42 km NE of Barcelona, Philippines",4.7,2024-01-12 09:47:59.241,12-01-2024 09:47,8.4178,126.7185,36.541,Philippines,https://earthquake.usgs.gov/earthquakes/eventpage/us6000m39g
us6000m4nx,"M 4.1 - 158 km NE of Tual, Indonesia",4.1,2024-01-12 09:45:48.524,12-01-2024 09:45,-4.5979,133.7479,10.0,Indonesia,https://earthquake.usgs.gov/earthquakes/eventpage/us6000m4nx
us6000m39e,"M 4.7 - 127 km E of Bitung, Indonesia",4.7,2024-01-12 09:31:32.708,12-01-2024 09:31,1.2531,126.2584,74.725,Indonesia,https://earthquake.usgs.gov/earthquakes/eventpage/us6000m39e
us6000m39a,"M 4.5 - 42 km NE of Anamizu, Japan",4.5,2024-01-12 08:29:08.884,12-01-2024 08:29,37.4527,137.2927,9.291,Japan,https://earthquake.usgs.gov/earthquakes/eventpage/us6000m39a
us6000m39d,M 4.9 - Galapagos Triple Junction region,4.9,2024-01-12 08:01:49.432,12-01-2024 08:01,1.384,-101.1966,10.0,Galapagos Triple Junction region,https://earthquake.usgs.gov/earthquakes/eventpage/us6000m39d
ak024jyw3sk,"M 5.9 - 69 km WNW of Port Alexander, Alaska",5.9,2024-01-12 07:46:21.171,12-01-2024 07:46,56.4383,-135.7137,11.1,Alaska,https://earthquake.usgs.gov/earthquakes/eventpage/ak024jyw3sk
us6000m391,M 4.8 - Galapagos Triple Junction region,4.8,2024-01-12 06:32:04.320,12-01-2024 06:32,1.493,-101.2195,10.0,Galapagos Triple Junction region,https://earthquake.usgs.gov/earthquakes/eventpage/us6000m391
us6000m4nu,"M 4.5 - 41 km E of Aras-asan, Philippines",4.5,2024-01-12 05:12:24.468,12-01-2024 05:12,8.9392,126.6842,85.259,Philippines,https://earthquake.usgs.gov/earthquakes/eventpage/us6000m4nu
us6000m38m,"M 4.2 - 26 km SSE of Jurm, Afghanistan",4.2,2024-01-12 04:10:11.653,12-01-2024 04:10,36.6494,70.9512,217.586,Afghanistan,https://earthquake.usgs.gov/earthquakes/eventpage/us6000m38m
us6000m4nt,"M 4.5 - Pagan region, Northern Mariana Islands",4.5,2024-01-12 03:52:40.689,12-01-2024 03:52,18.8549,144.7762,10.0,Northern Mariana Islands,https://earthquake.usgs.gov/earthquakes/eventpage/us6000m4nt
us6000m38i,"M 5.0 - 81 km WSW of Palaióchora, Greece",5.0,2024-01-12 03:51:05.886,12-01-2024 03:51,34.8918,22.8905,28.748,Greece,https://earthquake.usgs.gov/earthquakes/eventpage/us6000m38i
us6000m38e,"M 4.8 - 132 km SSE of Isangel, Vanuatu",4.8,2024-01-12 03:35:51.301,12-01-2024 03:35,-20.602,169.8592,120.91,Vanuatu,https://earthquake.usgs.gov/earthquakes/eventpage/us6000m38e
us6000m38g,"M 4.3 - 97 km SSE of Atlasovo, Russia",4.3,2024-01-12 03:34:57.126,12-01-2024 03:34,54.8693,160.4765,111.11,Russia,https://earthquake.usgs.gov/earthquakes/eventpage/us6000m38g
us6000m4nw,"M 4.3 - 102 km S of Abepura, Indonesia",4.3,2024-01-12 03:29:14.316,12-01-2024 03:29,-3.5093,140.4691,19.664,Indonesia,https://earthquake.usgs.gov/earthquakes/eventpage/us6000m4nw
us6000m38b,"M 5.0 - Pagan region, Northern Mariana Islands",5.0,2024-01-12 03:07:39.718,12-01-2024 03:07,18.9592,144.8122,10.0,Northern Mariana Islands,https://earthquake.usgs.gov/earthquakes/eventpage/us6000m38b
us6000m38a,M 4.8 - Scotia Sea,4.8,2024-01-12 03:00:10.177,12-01-2024 03:00,-60.7445,-33.9922,10.0,Scotia Sea,https://earthquake.usgs.gov/earthquakes/eventpage/us6000m38a
us6000m387,"M 5.0 - 121 km ESE of Sarangani, Philippines",5.0,2024-01-12 02:05:04.693,12-01-2024 02:05,4.8837,126.43,44.076,Philippines,https://earthquake.usgs.gov/earthquakes/eventpage/us6000m387
us6000m4nv,"M 4.4 - 36 km ESE of Falam, Myanmar",4.4,2024-01-12 01:53:19.798,12-01-2024 01:53,22.8069,94.0111,70.857,Myanmar,https://earthquake.usgs.gov/earthquakes/eventpage/us6000m4nv
us6000m385,"M 4.3 - 19 km W of Sardinal, Costa Rica",4.3,2024-01-12 01:44:05.766,12-01-2024 01:44,10.5395,-85.8273,51.564,Costa Rica,https://earthquake.usgs.gov/earthquakes/eventpage/us6000m385
us6000m384,"M 4.3 - 249 km S of Saint-Pierre, Saint Pierre and Miquelon",4.3,2024-01-12 01:27:47.013,12-01-2024 01:27,44.5394,-56.252,10.0,Saint Pierre and Miquelon,https://earthquake.usgs.gov/earthquakes/eventpage/us6000m384
us6000m4np,"M 4.4 - 116 km ESE of Fangale’ounga, Tonga",4.4,2024-01-12 01:24:43.050,12-01-2024 01:24,-20.2199,-173.3298,10.0,Tonga,https://earthquake.usgs.gov/earthquakes/eventpage/us6000m4np
us6000m4nn,"M 4.5 - Maug Islands region, Northern Mariana Islands",4.5,2024-01-12 01:06:54.282,12-01-2024 01:06,20.0961,145.8419,10.0,Northern Mariana Islands,https://earthquake.usgs.gov/earthquakes/eventpage/us6000m4nn
us6000m37y,"M 4.7 - 80 km NE of Kainantu, Papua New Guinea",4.7,2024-01-12 00:30:06.839,12-01-2024 00:30,-5.7708,146.3711,59.067,Papua New Guinea,https://earthquake.usgs.gov/earthquakes/eventpage/us6000m37y
us6000m37t,"M 4.3 - 34 km SE of Jurm, Afghanistan",4.3,2024-01-11 23:21:04.821,11-01-2024 23:21,36.6721,71.1348,89.59,Afghanistan,https://earthquake.usgs.gov/earthquakes/eventpage/us6000m37t
us6000m37h,"M 4.5 - 56 km ENE of Los Andes, Chile",4.5,2024-01-11 22:34:24.251,11-01-2024 22:34,-32.6204,-70.0493,112.325,Chile,https://earthquake.usgs.gov/earthquakes/eventpage/us6000m37h
us6000m37d,"M 4.8 - 291 km ESE of Levuka, Fiji",4.8,2024-01-11 21:52:35.607,11-01-2024 21:52,-18.8466,-178.0479,499.399,Fiji,https://earthquake.usgs.gov/earthquakes/eventpage/us6000m37d
us6000m371,"M 4.0 - 44 km SSW of Jurm, Afghanistan",4.0,2024-01-11 21:05:11.962,11-01-2024 21:05,36.5278,70.5667,217.774,Afghanistan,https://earthquake.usgs.gov/earthquakes/eventpage/us6000m371
us6000m36x,"M 4.5 - 63 km NNW of Itoigawa, Japan",4.5,2024-01-11 20:54:28.326,11-01-2024 20:54,37.5826,137.6389,10.0,Japan,https://earthquake.usgs.gov/earthquakes/eventpage/us6000m36x
us6000m36b,"M 4.4 - 278 km SSW of Severo-Kuril’sk, Russia",4.4,2024-01-11 19:45:15.410,11-01-2024 19:45,48.3595,154.6705,35.0,Russia,https://earthquake.usgs.gov/earthquakes/eventpage/us6000m36b
us6000m365,"M 4.3 - 59 km WNW of Abra Pampa, Argentina",4.3,2024-01-11 19:34:15.673,11-01-2024 19:34,-22.6116,-66.2606,255.354,Argentina,https://earthquake.usgs.gov/earthquakes/eventpage/us6000m365
us6000m4hp,M 4.8 - South Sandwich Islands region,4.8,2024-01-11 18:49:46.755,11-01-2024 18:49,-55.9651,-26.7268,40.462,South Sandwich Islands region,https://earthquake.usgs.gov/earthquakes/eventpage/us6000m4hp
us6000m35n,"M 4.3 - 35 km WSW of Santa Cruz, Chile",4.3,2024-01-11 17:28:52.725,11-01-2024 17:28,-34.7776,-71.7116,53.11,Chile,https://earthquake.usgs.gov/earthquakes/eventpage/us6000m35n
us6000m35f,M 4.8 - Kermadec Islands region,4.8,2024-01-11 16:27:27.285,11-01-2024 16:27,-28.2726,-176.7023,40.356,Kermadec Islands region,https://earthquake.usgs.gov/earthquakes/eventpage/us6000m35f
us6000m35e,M 4.8 - south of the Fiji Islands,4.8,2024-01-11 16:18:21.563,11-01-2024 16:18,-23.9087,-179.7585,508.356,south of the Fiji Islands,https://earthquake.usgs.gov/earthquakes/eventpage/us6000m35e
us6000m4hh,M 4.3 - Fiji region,4.3,2024-01-11 16:09:12.670,11-01-2024 16:09,-20.2726,-178.0463,527.218,Fiji region,https://earthquake.usgs.gov/earthquakes/eventpage/us6000m4hh
us6000m33e,"M 4.3 - 106 km WNW of Manado, Indonesia",4.3,2024-01-11 14:59:34.058,11-01-2024 14:59,1.9746,124.0298,298.551,Indonesia,https://earthquake.usgs.gov/earthquakes/eventpage/us6000m33e
us6000m339,"M 4.6 - 272 km SSW of Banjar, Indonesia",4.6,2024-01-11 14:26:30.685,11-01-2024 14:26,-9.5674,106.7721,10.0,Indonesia,https://earthquake.usgs.gov/earthquakes/eventpage/us6000m339
us6000m4hk,M 4.3 - central East Pacific Rise,4.3,2024-01-11 13:43:35.615,11-01-2024 13:43,-4.6328,-104.6576,10.0,central East Pacific Rise,https://earthquake.usgs.gov/earthquakes/eventpage/us6000m4hk
us6000m4hi,"M 4.3 - 99 km SSW of Abepura, Indonesia",4.3,2024-01-11 11:49:25.558,11-01-2024 11:49,-3.3796,140.1966,15.103,Indonesia,https://earthquake.usgs.gov/earthquakes/eventpage/us6000m4hi
us6000m4hb,"M 4.1 - 134 km SSW of Trenggalek, Indonesia",4.1,2024-01-11 11:35:10.496,11-01-2024 11:35,-9.2312,111.3107,54.228,Indonesia,https://earthquake.usgs.gov/earthquakes/eventpage/us6000m4hb
us6000m4h9,"M 4.2 - 28 km S of Shimukappu, Japan",4.2,2024-01-11 10:48:43.887,11-01-2024 10:48,42.7408,142.4559,11.489,Japan,https://earthquake.usgs.gov/earthquakes/eventpage/us6000m4h9
us6000m4hf,"M 4.1 - 95 km S of Wonosari, Indonesia",4.1,2024-01-11 09:56:46.561,11-01-2024 09:56,-8.8208,110.5209,99.658,Indonesia,https://earthquake.usgs.gov/earthquakes/eventpage/us6000m4hf
us6000m4h8,"M 4.7 - 104 km SSW of Alo, Wallis and Futuna",4.7,2024-01-11 09:50:08.339,11-01-2024 09:50,-15.2008,-178.427,10.0,Wallis and Futuna,https://earthquake.usgs.gov/earthquakes/eventpage/us6000m4h8
us6000m4h7,"M 4.5 - Izu Islands, Japan region",4.5,2024-01-11 09:40:48.388,11-01-2024 09:40,31.6351,142.0567,10.0,Japan region,https://earthquake.usgs.gov/earthquakes/eventpage/us6000m4h7
us6000m31m,"M 6.4 - 45 km SSW of Jurm, Afghanistan",6.4,2024-01-11 09:20:26.337,11-01-2024 09:20,36.4979,70.6013,204.0,Afghanistan,https://earthquake.usgs.gov/earthquakes/eventpage/us6000m31m
us6000m31a,"M 4.1 - 32 km S of Jurm, Afghanistan",4.1,2024-01-11 07:26:04.976,11-01-2024 07:26,36.5755,70.8889,208.962,Afghanistan,https://earthquake.usgs.gov/earthquakes/eventpage/us6000m31a
us6000m4h6,"M 4.2 - 180 km SW of Tual, Indonesia",4.2,2024-01-11 07:12:57.989,11-01-2024 07:12,-6.7757,131.5977,10.0,Indonesia,https://earthquake.usgs.gov/earthquakes/eventpage/us6000m4h6
us6000m318,"M 4.5 - 111 km W of Höfn, Iceland",4.5,2024-01-11 06:53:21.690,11-01-2024 06:53,64.451,-17.4809,10.0,Iceland,https://earthquake.usgs.gov/earthquakes/eventpage/us6000m318
us6000m4h4,M 4.5 - Galapagos Triple Junction region,4.5,2024-01-11 05:55:38.973,11-01-2024 05:55,1.4159,-101.2438,10.0,Galapagos Triple Junction region,https://earthquake.usgs.gov/earthquakes/eventpage/us6000m4h4
us6000m4ha,M 4.4 - South Sandwich Islands region,4.4,2024-01-11 05:44:35.439,11-01-2024 05:44,-56.2565,-26.8583,63.868,South Sandwich Islands region,https://earthquake.usgs.gov/earthquakes/eventpage/us6000m4ha
us6000m4h1,"M 4.0 - 77 km NW of Kirakira, Solomon Islands",4.0,2024-01-11 05:17:06.613,11-01-2024 05:17,-9.8847,161.5129,12.549,Solomon Islands,https://earthquake.usgs.gov/earthquakes/eventpage/us6000m4h1
us6000m30y,M 5.2 - South Pacific Ocean,5.2,2024-01-11 04:54:31.447,11-01-2024 04:54,-26.4576,-141.2625,10.0,South Pacific Ocean,https://earthquake.usgs.gov/earthquakes/eventpage/us6000m30y
us6000m4h0,M 4.4 - central Mid-Atlantic Ridge,4.4,2024-01-11 02:03:18.609,11-01-2024 02:03,0.8498,-29.1764,10.0,central Mid-Atlantic Ridge,https://earthquake.usgs.gov/earthquakes/eventpage/us6000m4h0
us6000m4gy,"M 4.4 - Pagan region, Northern Mariana Islands",4.4,2024-01-11 01:50:41.090,11-01-2024 01:50,18.8618,144.6628,10.0,Northern Mariana Islands,https://earthquake.usgs.gov/earthquakes/eventpage/us6000m4gy
us6000m4gx,"M 4.0 - Maug Islands region, Northern Mariana Islands",4.0,2024-01-11 01:44:37.985,11-01-2024 01:44,20.731,144.5476,256.068,Northern Mariana Islands,https://earthquake.usgs.gov/earthquakes/eventpage/us6000m4gx
us6000m4gw,M 4.4 - Mariana Islands region,4.4,2024-01-11 01:24:41.396,11-01-2024 01:24,20.5038,146.166,35.0,Mariana Islands region,https://earthquake.usgs.gov/earthquakes/eventpage/us6000m4gw
us6000m4gu,M 4.5 - Galapagos Triple Junction region,4.5,2024-01-11 00:31:40.848,11-01-2024 00:31,1.4857,-101.2828,10.0,Galapagos Triple Junction region,https://earthquake.usgs.gov/earthquakes/eventpage/us6000m4gu
us6000m2zu,"M 4.9 - 118 km NW of Gizo, Solomon Islands",4.9,2024-01-10 23:56:12.212,10-01-2024 23:56,-7.2955,156.1319,10.325,Solomon Islands,https://earthquake.usgs.gov/earthquakes/eventpage/us6000m2zu
us6000m2zs,"M 5.0 - 32 km ENE of Moyobamba, Peru",5.0,2024-01-10 23:54:46.124,10-01-2024 23:54,-5.9215,-76.7022,120.742,Peru,https://earthquake.usgs.gov/earthquakes/eventpage/us6000m2zs
us6000m4gi,M 4.1 - south of the Fiji Islands,4.1,2024-01-10 23:49:47.393,10-01-2024 23:49,-22.5805,-179.7211,596.207,south of the Fiji Islands,https://earthquake.usgs.gov/earthquakes/eventpage/us6000m4gi
us6000m2z8,M 5.0 - Mariana Islands region,5.0,2024-01-10 22:44:39.195,10-01-2024 22:44,17.4642,147.6218,10.0,Mariana Islands region,https://earthquake.usgs.gov/earthquakes/eventpage/us6000m2z8
us6000m2yy,"M 4.3 - 22 km SW of Sými, Greece",4.3,2024-01-10 21:40:22.817,10-01-2024 21:40,36.4993,27.6267,11.323,Greece,https://earthquake.usgs.gov/earthquakes/eventpage/us6000m2yy
us6000m4gj,"M 4.0 - 35 km NW of Finschhafen, Papua New Guinea",4.0,2024-01-10 21:18:54.085,10-01-2024 21:18,-6.3567,147.6015,53.494,Papua New Guinea,https://earthquake.usgs.gov/earthquakes/eventpage/us6000m4gj
us6000m2yq,"M 4.1 - 39 km SE of Khorugh, Tajikistan",4.1,2024-01-10 20:51:17.425,10-01-2024 20:51,37.1973,71.8034,152.796,Tajikistan,https://earthquake.usgs.gov/earthquakes/eventpage/us6000m2yq
us6000m2ym,"M 4.6 - 54 km NE of Tobelo, Indonesia",4.6,2024-01-10 20:30:15.879,10-01-2024 20:30,2.025,128.3971,67.32,Indonesia,https://earthquake.usgs.gov/earthquakes/eventpage/us6000m2ym
us6000m4gh,"M 4.2 - 105 km ENE of Petropavlovsk-Kamchatsky, Russia",4.2,2024-01-10 20:21:35.620,10-01-2024 20:21,53.3867,160.1173,86.188,Russia,https://earthquake.usgs.gov/earthquakes/eventpage/us6000m4gh
us6000m4ge,"M 4.4 - 92 km E of Aras-asan, Philippines",4.4,2024-01-10 20:08:26.753,10-01-2024 20:08,8.7981,127.1469,10.0,Philippines,https://earthquake.usgs.gov/earthquakes/eventpage/us6000m4ge
us6000m2yc,"M 4.2 - 7 km W of Uzunbağ, Turkey",4.2,2024-01-10 19:38:43.336,10-01-2024 19:38,36.1511,35.9488,10.0,Turkey,https://earthquake.usgs.gov/earthquakes/eventpage/us6000m2yc
us6000m4ga,M 4.2 - southeast of the Loyalty Islands,4.2,2024-01-10 15:08:49.804,10-01-2024 15:08,-23.2462,170.7919,10.0,southeast of the Loyalty Islands,https://earthquake.usgs.gov/earthquakes/eventpage/us6000m4ga
us6000m4g8,"M 4.2 - 293 km WNW of Houma, Tonga",4.2,2024-01-10 14:33:30.501,10-01-2024 14:33,-19.9441,-177.8014,530.097,Tonga,https://earthquake.usgs.gov/earthquakes/eventpage/us6000m4g8
us6000m4g5,M 4.6 - South Sandwich Islands region,4.6,2024-01-10 12:06:42.309,10-01-2024 12:06,-60.5404,-25.7794,10.0,South Sandwich Islands region,https://earthquake.usgs.gov/earthquakes/eventpage/us6000m4g5
us6000m2w6,"M 4.6 - 264 km WNW of Houma, Tonga",4.6,2024-01-10 11:28:50.264,10-01-2024 11:28,-20.5205,-177.7505,484.097,Tonga,https://earthquake.usgs.gov/earthquakes/eventpage/us6000m2w6
us6000m2w3,"M 4.1 - 76 km SSE of King Cove, Alaska",4.1,2024-01-10 11:04:01.899,10-01-2024 11:04,54.4338,-161.8348,45.759,Alaska,https://earthquake.usgs.gov/earthquakes/eventpage/us6000m2w3
us6000m4gb,M 4.3 - Mariana Islands region,4.3,2024-01-10 10:23:28.003,10-01-2024 10:23,19.558,146.9745,23.727,Mariana Islands region,https://earthquake.usgs.gov/earthquakes/eventpage/us6000m4gb
us6000m4g2,M 4.5 - southeast of the Loyalty Islands,4.5,2024-01-10 07:14:29.878,10-01-2024 07:14,-23.3184,171.1165,10.0,southeast of the Loyalty Islands,https://earthquake.usgs.gov/earthquakes/eventpage/us6000m4g2
us6000m4gk,M 4.5 - central Mid-Atlantic Ridge,4.5,2024-01-10 07:10:40.257,10-01-2024 07:10,8.6925,-40.3731,10.0,central Mid-Atlantic Ridge,https://earthquake.usgs.gov/earthquakes/eventpage/us6000m4gk
us6000m2vh,M 4.1 - Norwegian Sea,4.1,2024-01-10 06:03:45.575,10-01-2024 06:03,72.5353,3.4897,10.0,Norwegian Sea,https://earthquake.usgs.gov/earthquakes/eventpage/us6000m2vh
us6000m2v5,"M 4.9 - 124 km SSW of Atka, Alaska",4.9,2024-01-10 03:57:25.815,10-01-2024 03:57,51.1794,-174.9647,10.0,Alaska,https://earthquake.usgs.gov/earthquakes/eventpage/us6000m2v5
us6000m4g1,"M 4.2 - 42 km E of Hachinohe, Japan",4.2,2024-01-10 03:13:18.272,10-01-2024 03:13,40.5576,141.9903,49.233,Japan,https://earthquake.usgs.gov/earthquakes/eventpage/us6000m4g1
us6000m2vd,M 5.0 - southern Mid-Atlantic Ridge,5.0,2024-01-10 02:29:02.702,10-01-2024 02:29,-49.2149,-8.1614,10.0,southern Mid-Atlantic Ridge,https://earthquake.usgs.gov/earthquakes/eventpage/us6000m2vd
us6000m2ux,"M 4.5 - 54 km E of Port Blair, India",4.5,2024-01-10 02:23:44.173,10-01-2024 02:23,11.7494,93.2401,85.164,India,https://earthquake.usgs.gov/earthquakes/eventpage/us6000m2ux
us6000m4fz,"M 4.1 - 109 km ENE of Barcelona, Philippines",4.1,2024-01-10 02:09:46.350,10-01-2024 02:09,8.49,127.3718,10.0,Philippines,https://earthquake.usgs.gov/earthquakes/eventpage/us6000m4fz
us6000m4fy,"M 4.3 - 138 km WSW of Teluk Dalam, Indonesia",4.3,2024-01-10 01:12:45.749,10-01-2024 01:12,0.0817,96.6557,10.0,Indonesia,https://earthquake.usgs.gov/earthquakes/eventpage/us6000m4fy
us6000m4fx,M 4.1 - Kermadec Islands region,4.1,2024-01-10 00:15:53.242,10-01-2024 00:15,-31.5128,-178.0143,10.0,Kermadec Islands region,https://earthquake.usgs.gov/earthquakes/eventpage/us6000m4fx
us6000m49n,"M 4.4 - 105 km NW of Gizo, Solomon Islands",4.4,2024-01-09 23:08:44.792,09-01-2024 23:08,-7.3639,156.2413,10.0,Solomon Islands,https://earthquake.usgs.gov/earthquakes/eventpage/us6000m49n
us6000m2ui,M 4.8 - Mid-Indian Ridge,4.8,2024-01-09 22:24:21.445,09-01-2024 22:24,-23.9375,69.5357,10.0,Mid-Indian Ridge,https://earthquake.usgs.gov/earthquakes/eventpage/us6000m2ui
us6000m2ty,"M 4.4 - 12 km NW of Mecitözü, Turkey",4.4,2024-01-09 21:34:32.352,09-01-2024 21:34,40.5841,35.1796,10.0,Turkey,https://earthquake.usgs.gov/earthquakes/eventpage/us6000m2ty
us6000m2tw,"M 4.4 - 149 km WSW of Fakfak, Indonesia",4.4,2024-01-09 21:02:15.535,09-01-2024 21:02,-3.265,130.9989,10.0,Indonesia,https://earthquake.usgs.gov/earthquakes/eventpage/us6000m2tw
us6000m49m,"M 4.0 - 23 km E of Port-Olry, Vanuatu",4.0,2024-01-09 19:54:24.434,09-01-2024 19:54,-15.0451,167.2916,125.077,Vanuatu,https://earthquake.usgs.gov/earthquakes/eventpage/us6000m49m
us6000m2tc,"M 4.0 - 7 km W of Nurhak, Turkey",4.0,2024-01-09 19:20:12.924,09-01-2024 19:20,37.9544,37.3581,10.0,Turkey,https://earthquake.usgs.gov/earthquakes/eventpage/us6000m2tc
us6000m2sb,"M 5.4 - 128 km SE of Ollagüe, Chile",5.4,2024-01-09 16:47:25.900,09-01-2024 16:47,-21.8843,-67.2296,175.245,Chile,https://earthquake.usgs.gov/earthquakes/eventpage/us6000m2sb
us6000m49i,"M 4.0 - 84 km NNW of Atka, Alaska",4.0,2024-01-09 16:43:06.953,09-01-2024 16:43,52.8528,-174.8253,199.601,Alaska,https://earthquake.usgs.gov/earthquakes/eventpage/us6000m49i
us6000m2pq,"M 4.8 - 138 km SSE of San Jose Village, Northern Mariana Islands",4.8,2024-01-09 14:31:37.836,09-01-2024 14:31,13.9161,146.3129,73.326,Northern Mariana Islands,https://earthquake.usgs.gov/earthquakes/eventpage/us6000m2pq
us6000m49c,"M 4.5 - 178 km WSW of Bandar Lampung, Indonesia",4.5,2024-01-09 11:50:58.138,09-01-2024 11:50,-6.1958,103.8378,52.022,Indonesia,https://earthquake.usgs.gov/earthquakes/eventpage/us6000m49c
us6000m49d,"M 4.3 - 118 km NE of Karligan, Philippines",4.3,2024-01-09 11:38:51.332,09-01-2024 11:38,15.7482,122.8087,10.0,Philippines,https://earthquake.usgs.gov/earthquakes/eventpage/us6000m49d
us6000m49b,"M 4.1 - 32 km SSW of Sarangani, Philippines",4.1,2024-01-09 11:14:27.650,09-01-2024 11:14,5.1326,125.3566,10.0,Philippines,https://earthquake.usgs.gov/earthquakes/eventpage/us6000m49b
us6000m49a,"M 4.4 - 71 km W of Sado, Japan",4.4,2024-01-09 11:10:44.921,09-01-2024 11:10,38.0601,137.5425,10.0,Japan,https://earthquake.usgs.gov/earthquakes/eventpage/us6000m49a
us6000m2p4,"M 4.5 - 60 km WSW of Sado, Japan",4.5,2024-01-09 09:55:09.392,09-01-2024 09:55,37.8318,137.7155,10.0,Japan,https://earthquake.usgs.gov/earthquakes/eventpage/us6000m2p4
us6000m498,"M 4.5 - 17 km SE of Saimbeyli, Turkey",4.5,2024-01-09 09:14:59.382,09-01-2024 09:14,37.8806,36.2369,10.0,Turkey,https://earthquake.usgs.gov/earthquakes/eventpage/us6000m498
us6000m2ny,"M 5.9 - 53 km WSW of Sado, Japan",5.9,2024-01-09 08:59:10.141,09-01-2024 08:59,37.8629,137.7814,10.0,Japan,https://earthquake.usgs.gov/earthquakes/eventpage/us6000m2ny
us6000m49h,"M 4.5 - 132 km SE of Pangai, Tonga",4.5,2024-01-09 08:49:55.101,09-01-2024 08:49,-20.8006,-173.6388,10.0,Tonga,https://earthquake.usgs.gov/earthquakes/eventpage/us6000m49h
us6000m2nr,"M 5.6 - 134 km SE of Pangai, Tonga",5.6,2024-01-09 07:53:21.240,09-01-2024 07:53,-20.8063,-173.6067,10.0,Tonga,https://earthquake.usgs.gov/earthquakes/eventpage/us6000m2nr
us6000m493,"M 4.2 - 171 km NNE of Bitung, Indonesia",4.2,2024-01-09 05:33:57.267,09-01-2024 05:33,2.9203,125.5756,140.016,Indonesia,https://earthquake.usgs.gov/earthquakes/eventpage/us6000m493
us6000m2nb,"M 4.9 - 181 km NE of Tual, Indonesia",4.9,2024-01-09 05:25:20.597,09-01-2024 05:25,-4.5621,133.9948,10.0,Indonesia,https://earthquake.usgs.gov/earthquakes/eventpage/us6000m2nb
us6000m491,"M 4.4 - Galapagos Islands, Ecuador region",4.4,2024-01-09 04:56:58.506,09-01-2024 04:56,2.9776,-94.7952,10.0,Ecuador region,https://earthquake.usgs.gov/earthquakes/eventpage/us6000m491
us6000m490,M 4.3 - Chagos Archipelago region,4.3,2024-01-09 04:51:23.111,09-01-2024 04:51,-7.1237,68.0391,10.0,Chagos Archipelago region,https://earthquake.usgs.gov/earthquakes/eventpage/us6000m490
us6000m2n7,"M 5.1 - 148 km WSW of Teluk Dalam, Indonesia",5.1,2024-01-09 04:45:06.777,09-01-2024 04:45,0.0777,96.5636,10.0,Indonesia,https://earthquake.usgs.gov/earthquakes/eventpage/us6000m2n7
us6000m2n1,"M 4.7 - 36 km WNW of Abra Pampa, Argentina",4.7,2024-01-09 04:04:57.708,09-01-2024 04:04,-22.5631,-66.0064,254.102,Argentina,https://earthquake.usgs.gov/earthquakes/eventpage/us6000m2n1
us6000m48z,"M 4.3 - 76 km SSW of Puerto El Triunfo, El Salvador",4.3,2024-01-09 03:31:15.769,09-01-2024 03:31,12.6184,-88.758,35.0,El Salvador,https://earthquake.usgs.gov/earthquakes/eventpage/us6000m48z
us6000m48y,"M 4.1 - 118 km SE of Sarangani, Philippines",4.1,2024-01-09 03:10:38.970,09-01-2024 03:10,4.6255,126.205,96.647,Philippines,https://earthquake.usgs.gov/earthquakes/eventpage/us6000m48y
us6000m2mu,"M 4.4 - 75 km SSW of Ollagüe, Chile",4.4,2024-01-09 03:10:23.562,09-01-2024 03:10,-21.8181,-68.6105,135.568,Chile,https://earthquake.usgs.gov/earthquakes/eventpage/us6000m2mu
us6000m2mx,"M 4.4 - 163 km E of Petropavlovsk-Kamchatsky, Russia",4.4,2024-01-09 03:08:18.623,09-01-2024 03:08,52.8033,161.0256,10.0,Russia,https://earthquake.usgs.gov/earthquakes/eventpage/us6000m2mx
us6000m2mt,"M 4.4 - 29 km WSW of La Libertad, El Salvador",4.4,2024-01-09 03:02:50.411,09-01-2024 03:02,13.3546,-89.561,67.075,El Salvador,https://earthquake.usgs.gov/earthquakes/eventpage/us6000m2mt
us6000m2mr,"M 5.2 - 32 km WSW of Sola, Vanuatu",5.2,2024-01-09 02:54:57.043,09-01-2024 02:54,-14.0404,167.2986,199.672,Vanuatu,https://earthquake.usgs.gov/earthquakes/eventpage/us6000m2mr
us6000m2ml,"M 4.3 - 211 km W of Port McNeill, Canada",4.3,2024-01-09 01:41:28.313,09-01-2024 01:41,50.8188,-130.0585,10.0,Canada,https://earthquake.usgs.gov/earthquakes/eventpage/us6000m2ml
us6000m2mk,"M 4.0 - 40 km S of Jurm, Afghanistan",4.0,2024-01-09 01:27:29.497,09-01-2024 01:27,36.5029,70.7905,204.028,Afghanistan,https://earthquake.usgs.gov/earthquakes/eventpage/us6000m2mk
us6000m2mj,"M 4.5 - 121 km SE of Sarangani, Philippines",4.5,2024-01-09 01:08:41.354,09-01-2024 01:08,4.7116,126.3124,97.409,Philippines,https://earthquake.usgs.gov/earthquakes/eventpage/us6000m2mj
us6000m2mi,"M 4.9 - 59 km WSW of Santiago de Cao, Peru",4.9,2024-01-09 01:05:07.091,09-01-2024 01:05,-8.1062,-79.7583,54.307,Peru,https://earthquake.usgs.gov/earthquakes/eventpage/us6000m2mi
us6000m48x,"M 4.1 - 74 km SW of Champerico, Guatemala",4.1,2024-01-09 00:37:18.165,09-01-2024 00:37,13.7496,-92.3151,28.678,Guatemala,https://earthquake.usgs.gov/earthquakes/eventpage/us6000m48x
us6000m48w,M 4.4 - off the coast of Central America,4.4,2024-01-09 00:11:09.536,09-01-2024 00:11,3.3947,-83.0607,10.0,off the coast of Central America,https://earthquake.usgs.gov/earthquakes/eventpage/us6000m48w
us6000m2mc,"M 4.4 - 251 km WNW of Houma, Tonga",4.4,2024-01-09 00:10:59.971,09-01-2024 00:10,-20.546,-177.6302,509.182,Tonga,https://earthquake.usgs.gov/earthquakes/eventpage/us6000m2mc
us6000m47c,"M 4.1 - Maug Islands region, Northern Mariana Islands",4.1,2024-01-08 23:50:29.588,08-01-2024 23:50,20.1873,145.448,10.0,Northern Mariana Islands,https://earthquake.usgs.gov/earthquakes/eventpage/us6000m47c
us6000m47b,"M 4.2 - 121 km ESE of Sarangani, Philippines",4.2,2024-01-08 22:49:59.374,08-01-2024 22:49,4.9569,126.4601,62.882,Philippines,https://earthquake.usgs.gov/earthquakes/eventpage/us6000m47b
us6000m47a,"M 4.3 - 138 km N of Ba, Fiji",4.3,2024-01-08 22:49:52.979,08-01-2024 22:49,-16.2857,177.7928,10.0,Fiji,https://earthquake.usgs.gov/earthquakes/eventpage/us6000m47a
us6000m2lz,"M 4.6 - 96 km W of Kandrian, Papua New Guinea",4.6,2024-01-08 22:31:07.276,08-01-2024 22:31,-6.0744,148.6823,79.455,Papua New Guinea,https://earthquake.usgs.gov/earthquakes/eventpage/us6000m2lz
us6000m47g,"M 4.1 - 123 km SE of Sarangani, Philippines",4.1,2024-01-08 22:30:35.744,08-01-2024 22:30,4.6686,126.299,92.212,Philippines,https://earthquake.usgs.gov/earthquakes/eventpage/us6000m47g
us6000m2lw,"M 4.1 - 200 km ENE of Levuka, Fiji",4.1,2024-01-08 22:00:09.150,08-01-2024 22:00,-17.6325,-178.8484,565.211,Fiji,https://earthquake.usgs.gov/earthquakes/eventpage/us6000m2lw
us6000m479,"M 4.5 - 91 km SE of Sarangani, Philippines",4.5,2024-01-08 21:06:16.101,08-01-2024 21:06,4.8164,126.0506,82.702,Philippines,https://earthquake.usgs.gov/earthquakes/eventpage/us6000m479
us6000m478,"M 4.2 - 98 km SE of Sarangani, Philippines",4.2,2024-01-08 21:04:39.509,08-01-2024 21:04,4.7288,126.0407,88.58,Philippines,https://earthquake.usgs.gov/earthquakes/eventpage/us6000m478
us6000m2jp,"M 6.7 - 93 km SE of Sarangani, Philippines",6.7,2024-01-08 20:48:42.361,08-01-2024 20:48,4.9225,126.1575,62.574,Philippines,https://earthquake.usgs.gov/earthquakes/eventpage/us6000m2jp
us6000m2j7,"M 4.3 - 25 km SSE of Pakokku, Myanmar",4.3,2024-01-08 19:55:59.921,08-01-2024 19:55,21.1189,95.1787,10.0,Myanmar,https://earthquake.usgs.gov/earthquakes/eventpage/us6000m2j7
us6000m477,"M 4.1 - 274 km SSE of Amahai, Indonesia",4.1,2024-01-08 19:50:03.606,08-01-2024 19:50,-5.4502,130.2169,9.657,Indonesia,https://earthquake.usgs.gov/earthquakes/eventpage/us6000m477
us6000m476,"M 4.1 - 272 km SSE of Amahai, Indonesia",4.1,2024-01-08 19:40:41.549,08-01-2024 19:40,-5.4882,130.1167,9.555,Indonesia,https://earthquake.usgs.gov/earthquakes/eventpage/us6000m476
us6000m2j5,"M 4.4 - 100 km NNE of Bāfq, Iran",4.4,2024-01-08 19:33:40.764,08-01-2024 19:33,32.4464,55.7983,10.0,Iran,https://earthquake.usgs.gov/earthquakes/eventpage/us6000m2j5
us6000m47d,"M 4.5 - Maug Islands region, Northern Mariana Islands",4.5,2024-01-08 19:27:34.850,08-01-2024 19:27,20.1886,145.5678,10.0,Northern Mariana Islands,https://earthquake.usgs.gov/earthquakes/eventpage/us6000m47d
us6000m2iu,"M 4.5 - 42 km S of Dushanzi, China",4.5,2024-01-08 18:07:45.172,08-01-2024 18:07,43.9549,84.8103,10.0,China,https://earthquake.usgs.gov/earthquakes/eventpage/us6000m2iu
us6000m2ij,"M 4.9 - 88 km SSE of Panguna, Papua New Guinea",4.9,2024-01-08 16:41:15.990,08-01-2024 16:41,-7.1012,155.6579,76.519,Papua New Guinea,https://earthquake.usgs.gov/earthquakes/eventpage/us6000m2ij
us6000m2ha,"M 4.3 - 30 km SSW of Ollagüe, Chile",4.3,2024-01-08 16:15:29.209,08-01-2024 16:15,-21.49,-68.3288,116.266,Chile,https://earthquake.usgs.gov/earthquakes/eventpage/us6000m2ha
us6000m2gk,"M 4.9 - 116 km ESE of Fangale’ounga, Tonga",4.9,2024-01-08 14:05:16.529,08-01-2024 14:05,-20.1843,-173.3059,10.0,Tonga,https://earthquake.usgs.gov/earthquakes/eventpage/us6000m2gk
us6000m46y,"M 4.3 - 93 km NNW of Finschhafen, Papua New Guinea",4.3,2024-01-08 13:51:37.603,08-01-2024 13:51,-5.7598,147.5545,10.0,Papua New Guinea,https://earthquake.usgs.gov/earthquakes/eventpage/us6000m46y
us6000m2gg,"M 4.4 - 55 km W of Abra Pampa, Argentina",4.4,2024-01-08 13:51:11.997,08-01-2024 13:51,-22.7899,-66.2306,249.795,Argentina,https://earthquake.usgs.gov/earthquakes/eventpage/us6000m2gg
us6000m46x,"M 4.4 - 4 km N of Hinatuan, Philippines",4.4,2024-01-08 13:30:57.048,08-01-2024 13:30,8.4136,126.3334,78.64,Philippines,https://earthquake.usgs.gov/earthquakes/eventpage/us6000m46x
us6000m2gb,"M 4.3 - 26 km W of Doğanyol, Turkey",4.3,2024-01-08 13:19:13.694,08-01-2024 13:19,38.2618,38.7351,10.0,Turkey,https://earthquake.usgs.gov/earthquakes/eventpage/us6000m2gb
us6000m2g9,"M 4.6 - 104 km WSW of Salinas, Ecuador",4.6,2024-01-08 13:06:56.285,08-01-2024 13:06,-2.5314,-81.8388,10.0,Ecuador,https://earthquake.usgs.gov/earthquakes/eventpage/us6000m2g9
us6000m46v,M 4.5 - Pacific-Antarctic Ridge,4.5,2024-01-08 13:00:42.984,08-01-2024 13:00,-65.3009,-179.3277,10.0,Pacific-Antarctic Ridge,https://earthquake.usgs.gov/earthquakes/eventpage/us6000m46v
us6000m2g7,"M 4.6 - 113 km W of Salinas, Ecuador",4.6,2024-01-08 12:59:52.208,08-01-2024 12:59,-2.4091,-81.9572,10.0,Ecuador,https://earthquake.usgs.gov/earthquakes/eventpage/us6000m2g7
us6000m46s,M 4.0 - south of the Fiji Islands,4.0,2024-01-08 10:53:57.177,08-01-2024 10:53,-26.115,-178.3103,363.136,south of the Fiji Islands,https://earthquake.usgs.gov/earthquakes/eventpage/us6000m46s
us6000m2fs,"M 5.2 - 29 km SSE of Tuapejat, Indonesia",5.2,2024-01-08 09:51:30.178,08-01-2024 09:51,-2.284,99.6708,17.148,Indonesia,https://earthquake.usgs.gov/earthquakes/eventpage/us6000m2fs
us6000m2fl,"M 4.3 - 110 km NNW of Finschhafen, Papua New Guinea",4.3,2024-01-08 08:11:57.097,08-01-2024 08:11,-5.6296,147.4768,159.149,Papua New Guinea,https://earthquake.usgs.gov/earthquakes/eventpage/us6000m2fl
us6000m2fk,"M 5.0 - Maug Islands region, Northern Mariana Islands",5.0,2024-01-08 07:39:50.400,08-01-2024 07:39,20.1982,145.3365,10.0,Northern Mariana Islands,https://earthquake.usgs.gov/earthquakes/eventpage/us6000m2fk
us6000m46r,"M 4.5 - 5 km SSE of Malitbog, Philippines",4.5,2024-01-08 06:46:36.353,08-01-2024 06:46,10.1142,125.0215,10.0,Philippines,https://earthquake.usgs.gov/earthquakes/eventpage/us6000m46r
us6000m46q,"M 4.0 - 94 km SE of Atka, Alaska",4.0,2024-01-08 06:20:02.028,08-01-2024 06:20,51.6282,-173.187,49.865,Alaska,https://earthquake.usgs.gov/earthquakes/eventpage/us6000m46q
us6000m46n,"M 4.4 - Izu Islands, Japan region",4.4,2024-01-08 06:02:52.181,08-01-2024 06:02,31.3447,141.6484,10.0,Japan region,https://earthquake.usgs.gov/earthquakes/eventpage/us6000m46n
us6000m2f9,"M 4.6 - 8 km NW of Bamboo Flat, India",4.6,2024-01-08 05:05:30.301,08-01-2024 05:05,11.7568,92.6708,35.31,India,https://earthquake.usgs.gov/earthquakes/eventpage/us6000m2f9
us6000m46m,"M 4.4 - 20 km NNE of Kosaka, Japan",4.4,2024-01-08 04:11:15.301,08-01-2024 04:11,40.543,140.838,10.0,Japan,https://earthquake.usgs.gov/earthquakes/eventpage/us6000m46m
us6000m2ex,"M 4.4 - 54 km WNW of San Antonio de los Cobres, Argentina",4.4,2024-01-08 03:23:02.162,08-01-2024 03:23,-24.0864,-66.8338,203.026,Argentina,https://earthquake.usgs.gov/earthquakes/eventpage/us6000m2ex
us6000m46l,"M 4.4 - 11 km NE of Kandrian, Papua New Guinea",4.4,2024-01-08 03:19:44.668,08-01-2024 03:19,-6.1243,149.6162,66.222,Papua New Guinea,https://earthquake.usgs.gov/earthquakes/eventpage/us6000m46l
us6000m2ev,"M 4.2 - 125 km ENE of Tual, Indonesia",4.2,2024-01-08 03:04:47.259,08-01-2024 03:04,-5.0765,133.7383,10.0,Indonesia,https://earthquake.usgs.gov/earthquakes/eventpage/us6000m2ev
us6000m46k,"M 4.5 - 17 km NE of Miaga, Philippines",4.5,2024-01-08 02:27:42.033,08-01-2024 02:27,12.3343,123.9387,10.0,Philippines,https://earthquake.usgs.gov/earthquakes/eventpage/us6000m46k
us6000m46h,"M 4.2 - 45 km SW of Reuleuet, Indonesia",4.2,2024-01-08 01:21:08.677,08-01-2024 01:21,4.955,95.9661,10.0,Indonesia,https://earthquake.usgs.gov/earthquakes/eventpage/us6000m46h
us6000m46i,"M 4.1 - 203 km ENE of Lospalos, Timor Leste",4.1,2024-01-08 01:20:30.586,08-01-2024 01:20,-7.5969,128.5936,109.474,Timor Leste,https://earthquake.usgs.gov/earthquakes/eventpage/us6000m46i
us6000m2e8,"M 4.0 - 41 km SSE of Jurm, Afghanistan",4.0,2024-01-08 00:04:18.105,08-01-2024 00:04,36.5241,71.0258,158.138,Afghanistan,https://earthquake.usgs.gov/earthquakes/eventpage/us6000m2e8
us6000m422,"M 4.2 - 50 km NNW of Atka, Alaska",4.2,2024-01-07 22:18:17.078,07-01-2024 22:18,52.6279,-174.4412,176.879,Alaska,https://earthquake.usgs.gov/earthquakes/eventpage/us6000m422
us6000m420,"M 4.1 - 129 km WSW of Gorontalo, Indonesia",4.1,2024-01-07 21:52:24.514,07-01-2024 21:52,0.2941,121.9205,186.701,Indonesia,https://earthquake.usgs.gov/earthquakes/eventpage/us6000m420
us6000m2di,"M 5.1 - 77 km ESE of Fangale’ounga, Tonga",5.1,2024-01-07 21:41:05.926,07-01-2024 21:41,-19.936,-173.6129,10.0,Tonga,https://earthquake.usgs.gov/earthquakes/eventpage/us6000m2di
us6000m41y,"M 4.2 - 1 km NE of Comapa, Guatemala",4.2,2024-01-07 20:48:05.886,07-01-2024 20:48,14.1237,-89.9055,199.38,Guatemala,https://earthquake.usgs.gov/earthquakes/eventpage/us6000m41y
us6000m2d7,M 5.5 - Balleny Islands region,5.5,2024-01-07 20:00:07.311,07-01-2024 20:00,-62.3294,165.3253,10.0,Balleny Islands region,https://earthquake.usgs.gov/earthquakes/eventpage/us6000m2d7
us6000m2d5,"M 4.4 - 75 km SW of Laojunmiao, China",4.4,2024-01-07 19:48:14.316,07-01-2024 19:48,39.274,97.2317,10.0,China,https://earthquake.usgs.gov/earthquakes/eventpage/us6000m2d5
us6000m2d1,"M 4.2 - 16 km NW of Namche Bazaar, Nepal",4.2,2024-01-07 18:46:35.171,07-01-2024 18:46,27.9221,86.6116,10.0,Nepal,https://earthquake.usgs.gov/earthquakes/eventpage/us6000m2d1
us6000m41t,"M 4.2 - 34 km W of Hihifo, Tonga",4.2,2024-01-07 18:18:56.391,07-01-2024 18:18,-16.0135,-174.1121,89.349,Tonga,https://earthquake.usgs.gov/earthquakes/eventpage/us6000m41t
us6000m2cv,M 5.6 - Balleny Islands region,5.6,2024-01-07 18:06:11.273,07-01-2024 18:06,-62.2113,165.5051,10.0,Balleny Islands region,https://earthquake.usgs.gov/earthquakes/eventpage/us6000m2cv
us6000m2d0,M 4.6 - northern East Pacific Rise,4.6,2024-01-07 17:55:52.823,07-01-2024 17:55,8.2976,-103.8128,10.0,northern East Pacific Rise,https://earthquake.usgs.gov/earthquakes/eventpage/us6000m2d0
us6000m2cb,"M 4.5 - 44 km ENE of Kodāri̇̄, Nepal",4.5,2024-01-07 14:28:32.992,07-01-2024 14:28,28.0886,86.3806,10.0,Nepal,https://earthquake.usgs.gov/earthquakes/eventpage/us6000m2cb
us6000m41p,M 4.3 - northern East Pacific Rise,4.3,2024-01-07 14:25:28.421,07-01-2024 14:25,9.1164,-103.6598,10.0,northern East Pacific Rise,https://earthquake.usgs.gov/earthquakes/eventpage/us6000m41p
us6000m2c9,"M 4.1 - 40 km WNW of Lobuche, Nepal",4.1,2024-01-07 14:08:34.933,07-01-2024 14:08,28.0794,86.4237,10.0,Nepal,https://earthquake.usgs.gov/earthquakes/eventpage/us6000m2c9
us6000m2cj,M 4.5 - northern East Pacific Rise,4.5,2024-01-07 13:29:28.774,07-01-2024 13:29,8.8928,-104.3132,10.0,northern East Pacific Rise,https://earthquake.usgs.gov/earthquakes/eventpage/us6000m2cj
us6000m2c0,"M 4.5 - 6 km SSW of Anamizu, Japan",4.5,2024-01-07 12:38:18.454,07-01-2024 12:38,37.1829,136.8656,10.0,Japan,https://earthquake.usgs.gov/earthquakes/eventpage/us6000m2c0
us6000m41j,M 4.3 - Carlsberg Ridge,4.3,2024-01-07 12:08:09.341,07-01-2024 12:08,3.0316,65.6476,10.0,Carlsberg Ridge,https://earthquake.usgs.gov/earthquakes/eventpage/us6000m41j
us6000m41l,M 4.7 - central Mid-Atlantic Ridge,4.7,2024-01-07 12:07:53.483,07-01-2024 12:07,1.6591,-30.6802,10.0,central Mid-Atlantic Ridge,https://earthquake.usgs.gov/earthquakes/eventpage/us6000m41l
us6000m41k,"M 4.1 - 90 km E of Pondaguitan, Philippines",4.1,2024-01-07 12:02:03.500,07-01-2024 12:02,6.2251,126.9851,215.461,Philippines,https://earthquake.usgs.gov/earthquakes/eventpage/us6000m41k
us6000m2bw,"M 4.1 - 223 km WSW of Elfin Cove, Alaska",4.1,2024-01-07 11:36:58.994,07-01-2024 11:36,57.5379,-139.9091,10.0,Alaska,https://earthquake.usgs.gov/earthquakes/eventpage/us6000m2bw
us6000m41g,M 4.3 - Carlsberg Ridge,4.3,2024-01-07 11:08:17.751,07-01-2024 11:08,3.133,65.589,10.0,Carlsberg Ridge,https://earthquake.usgs.gov/earthquakes/eventpage/us6000m41g
us6000m2bs,"M 4.9 - 99 km SSW of Luwuk, Indonesia",4.9,2024-01-07 10:38:21.532,07-01-2024 10:38,-1.8154,122.5443,10.0,Indonesia,https://earthquake.usgs.gov/earthquakes/eventpage/us6000m2bs
us6000m2bf,"M 5.3 - 84 km WSW of Curahuara de Carangas, Bolivia",5.3,2024-01-07 08:35:32.422,07-01-2024 08:35,-18.2465,-69.1267,142.52,Bolivia,https://earthquake.usgs.gov/earthquakes/eventpage/us6000m2bf
us6000m41d,"M 4.1 - 71 km N of Claveria, Philippines",4.1,2024-01-07 08:32:30.018,07-01-2024 08:32,19.2493,121.0576,30.335,Philippines,https://earthquake.usgs.gov/earthquakes/eventpage/us6000m41d
us6000m2bd,"M 4.6 - 79 km W of San Antonio de los Cobres, Argentina",4.6,2024-01-07 07:19:54.181,07-01-2024 07:19,-24.3126,-67.0955,171.174,Argentina,https://earthquake.usgs.gov/earthquakes/eventpage/us6000m2bd
us6000m2b9,"M 5.0 - 211 km SW of Merizo Village, Guam",5.0,2024-01-07 06:58:16.209,07-01-2024 06:58,11.9785,143.2291,10.0,Guam,https://earthquake.usgs.gov/earthquakes/eventpage/us6000m2b9
us6000m2b6,"M 4.8 - 12 km W of Anamizu, Japan",4.8,2024-01-07 06:26:56.123,07-01-2024 06:26,37.2146,136.7566,10.0,Japan,https://earthquake.usgs.gov/earthquakes/eventpage/us6000m2b6
ak024bo1buk,"M 4.9 - 8 km SE of Seldovia Village, Alaska",4.9,2024-01-07 05:50:08.011,07-01-2024 05:50,59.4249,-151.5376,46.3,Alaska,https://earthquake.usgs.gov/earthquakes/eventpage/ak024bo1buk
us6000m2b3,"M 4.5 - 40 km NE of Anamizu, Japan",4.5,2024-01-07 05:37:58.050,07-01-2024 05:37,37.4611,137.2619,6.086,Japan,https://earthquake.usgs.gov/earthquakes/eventpage/us6000m2b3
us6000m2ap,"M 4.5 - 252 km SE of Pondaguitan, Philippines",4.5,2024-01-07 03:47:27.160,07-01-2024 03:47,4.7913,127.8373,67.031,Philippines,https://earthquake.usgs.gov/earthquakes/eventpage/us6000m2ap
us6000m41a,"M 4.2 - 257 km E of Yamada, Japan",4.2,2024-01-07 03:41:46.207,07-01-2024 03:41,39.2017,144.9168,10.0,Japan,https://earthquake.usgs.gov/earthquakes/eventpage/us6000m41a
us6000m2am,"M 4.1 - 83 km NNW of Halls Creek, Australia",4.1,2024-01-07 03:37:11.572,07-01-2024 03:37,-17.4863,127.4894,10.0,Australia,https://earthquake.usgs.gov/earthquakes/eventpage/us6000m2am
us6000m2aj,M 4.5 - off the coast of Central America,4.5,2024-01-07 03:12:48.500,07-01-2024 03:12,2.7393,-84.5587,10.0,off the coast of Central America,https://earthquake.usgs.gov/earthquakes/eventpage/us6000m2aj
us6000m416,"M 4.4 - 58 km WSW of Banda Aceh, Indonesia",4.4,2024-01-07 01:55:35.952,07-01-2024 01:55,5.2762,94.8723,76.402,Indonesia,https://earthquake.usgs.gov/earthquakes/eventpage/us6000m416
us6000m419,M 4.4 - Mariana Islands region,4.4,2024-01-07 01:37:40.887,07-01-2024 01:37,17.7979,147.4004,22.674,Mariana Islands region,https://earthquake.usgs.gov/earthquakes/eventpage/us6000m419
us6000m2a6,M 4.6 - south of Panama,4.6,2024-01-07 01:02:08.686,07-01-2024 01:02,5.0822,-82.4658,10.0,south of Panama,https://earthquake.usgs.gov/earthquakes/eventpage/us6000m2a6
us6000m414,"M 4.5 - 28 km SW of Santa Elena de Uairén, Venezuela",4.5,2024-01-07 00:45:11.857,07-01-2024 00:45,4.4022,-61.2719,11.127,Venezuela,https://earthquake.usgs.gov/earthquakes/eventpage/us6000m414
us6000m2a4,"M 4.3 - 148 km NNE of Labuan Bajo, Indonesia",4.3,2024-01-07 00:40:16.112,07-01-2024 00:40,-7.2091,120.2764,539.694,Indonesia,https://earthquake.usgs.gov/earthquakes/eventpage/us6000m2a4
us6000m2a0,"M 4.8 - 191 km SSE of Isangel, Vanuatu",4.8,2024-01-07 00:17:43.353,07-01-2024 00:17,-21.1111,170.0536,10.0,Vanuatu,https://earthquake.usgs.gov/earthquakes/eventpage/us6000m2a0
us6000m418,M 4.8 - Pacific-Antarctic Ridge,4.8,2024-01-07 00:13:33.300,07-01-2024 00:13,-54.1991,-132.7762,10.0,Pacific-Antarctic Ridge,https://earthquake.usgs.gov/earthquakes/eventpage/us6000m418
us6000m29z,"M 4.6 - 57 km E of Barcelona, Philippines",4.6,2024-01-07 00:05:13.360,07-01-2024 00:05,8.1321,126.9585,35.0,Philippines,https://earthquake.usgs.gov/earthquakes/eventpage/us6000m29z
us6000m3zk,"M 4.6 - 141 km NE of Hihifo, Tonga",4.6,2024-01-06 23:21:17.579,06-01-2024 23:21,-15.0557,-172.859,10.0,Tonga,https://earthquake.usgs.gov/earthquakes/eventpage/us6000m3zk
us6000m3zj,"M 4.6 - 140 km NE of Hihifo, Tonga",4.6,2024-01-06 23:10:19.656,06-01-2024 23:10,-15.0218,-172.904,10.0,Tonga,https://earthquake.usgs.gov/earthquakes/eventpage/us6000m3zj
us6000m29m,"M 4.7 - 54 km NNW of Sola, Vanuatu",4.7,2024-01-06 22:23:05.537,06-01-2024 22:23,-13.41,167.3903,9.72,Vanuatu,https://earthquake.usgs.gov/earthquakes/eventpage/us6000m29m
us6000m3zg,M 4.1 - Vanuatu region,4.1,2024-01-06 21:59:07.188,06-01-2024 21:59,-13.9045,170.4281,629.876,Vanuatu region,https://earthquake.usgs.gov/earthquakes/eventpage/us6000m3zg
us6000m29c,"M 4.2 - 286 km SW of Tual, Indonesia",4.2,2024-01-06 21:16:38.216,06-01-2024 21:16,-7.115,130.6356,38.787,Indonesia,https://earthquake.usgs.gov/earthquakes/eventpage/us6000m29c
us6000m298,"M 4.6 - 28 km E of Savannah Bight, Honduras",4.6,2024-01-06 20:56:13.346,06-01-2024 20:56,16.4016,-85.5876,10.0,Honduras,https://earthquake.usgs.gov/earthquakes/eventpage/us6000m298
us6000m3zf,M 4.1 - Mariana Islands region,4.1,2024-01-06 20:53:36.742,06-01-2024 20:53,21.9207,143.0871,285.056,Mariana Islands region,https://earthquake.usgs.gov/earthquakes/eventpage/us6000m3zf
us6000m3zl,"M 4.0 - 19 km NNW of Yigo Village, Guam",4.0,2024-01-06 20:52:29.325,06-01-2024 20:52,13.6923,144.8081,122.986,Guam,https://earthquake.usgs.gov/earthquakes/eventpage/us6000m3zl
us6000m3zd,"M 4.3 - 254 km WNW of Tual, Indonesia",4.3,2024-01-06 20:32:47.637,06-01-2024 20:32,-4.9819,130.5464,9.966,Indonesia,https://earthquake.usgs.gov/earthquakes/eventpage/us6000m3zd
us6000m296,M 4.9 - Kermadec Islands region,4.9,2024-01-06 20:12:50.696,06-01-2024 20:12,-31.6517,-178.581,31.692,Kermadec Islands region,https://earthquake.usgs.gov/earthquakes/eventpage/us6000m296
us6000m3zc,"M 4.0 - Maug Islands region, Northern Mariana Islands",4.0,2024-01-06 19:11:16.093,06-01-2024 19:11,19.3509,145.568,178.684,Northern Mariana Islands,https://earthquake.usgs.gov/earthquakes/eventpage/us6000m3zc
us6000m3z9,"M 4.6 - Maug Islands region, Northern Mariana Islands",4.6,2024-01-06 18:03:49.512,06-01-2024 18:03,20.2699,145.1698,10.0,Northern Mariana Islands,https://earthquake.usgs.gov/earthquakes/eventpage/us6000m3z9
us6000m3z7,M 4.3 - Banda Sea,4.3,2024-01-06 17:03:24.517,06-01-2024 17:03,-6.2985,129.706,13.38,Banda Sea,https://earthquake.usgs.gov/earthquakes/eventpage/us6000m3z7
us6000m3zh,"M 4.5 - 83 km E of Aras-asan, Philippines",4.5,2024-01-06 17:03:10.110,06-01-2024 17:03,8.8884,127.07,10.0,Philippines,https://earthquake.usgs.gov/earthquakes/eventpage/us6000m3zh
us6000m3ze,"M 4.1 - 238 km SSE of Ambon, Indonesia",4.1,2024-01-06 15:32:49.947,06-01-2024 15:32,-5.7129,128.9385,262.727,Indonesia,https://earthquake.usgs.gov/earthquakes/eventpage/us6000m3ze
us6000m27p,"M 4.5 - 18 km WSW of Anamizu, Japan",4.5,2024-01-06 14:20:22.904,06-01-2024 14:20,37.1993,136.6931,10.0,Japan,https://earthquake.usgs.gov/earthquakes/eventpage/us6000m27p
us6000m3z2,M 4.4 - southern East Pacific Rise,4.4,2024-01-06 12:53:18.687,06-01-2024 12:53,-24.2376,-115.473,10.0,southern East Pacific Rise,https://earthquake.usgs.gov/earthquakes/eventpage/us6000m3z2
us6000m3zm,M 4.5 - Carlsberg Ridge,4.5,2024-01-06 12:46:18.146,06-01-2024 12:46,2.901,65.6569,10.0,Carlsberg Ridge,https://earthquake.usgs.gov/earthquakes/eventpage/us6000m3zm
us6000m3z0,"M 4.0 - 21 km ENE of Aras-asan, Philippines",4.0,2024-01-06 12:38:10.094,06-01-2024 12:38,8.9737,126.4849,43.529,Philippines,https://earthquake.usgs.gov/earthquakes/eventpage/us6000m3z0
us6000m27f,M 5.5 - southern East Pacific Rise,5.5,2024-01-06 12:33:02.528,06-01-2024 12:33,-24.4019,-116.0254,10.0,southern East Pacific Rise,https://earthquake.usgs.gov/earthquakes/eventpage/us6000m27f
us6000m278,"M 4.7 - 100 km SE of Ambon, Indonesia",4.7,2024-01-06 12:06:23.414,06-01-2024 12:06,-4.4156,128.7336,10.67,Indonesia,https://earthquake.usgs.gov/earthquakes/eventpage/us6000m278
us6000m3yx,"M 4.2 - 102 km SSE of Ambon, Indonesia",4.2,2024-01-06 12:03:27.327,06-01-2024 12:03,-4.4701,128.6882,10.019,Indonesia,https://earthquake.usgs.gov/earthquakes/eventpage/us6000m3yx
us6000m26z,"M 4.4 - 9 km ESE of Eloy Alfaro, Ecuador",4.4,2024-01-06 11:51:34.489,06-01-2024 11:51,-2.2219,-79.7851,83.278,Ecuador,https://earthquake.usgs.gov/earthquakes/eventpage/us6000m26z
us6000m26y,M 5.6 - Carlsberg Ridge,5.6,2024-01-06 11:46:31.666,06-01-2024 11:46,3.1484,65.4881,10.0,Carlsberg Ridge,https://earthquake.usgs.gov/earthquakes/eventpage/us6000m26y
us6000m3z8,M 4.4 - Carlsberg Ridge,4.4,2024-01-06 11:46:08.674,06-01-2024 11:46,2.9743,65.4119,10.0,Carlsberg Ridge,https://earthquake.usgs.gov/earthquakes/eventpage/us6000m3z8
us6000m3yv,"M 4.2 - 161 km S of Sarangani, Philippines",4.2,2024-01-06 11:02:38.724,06-01-2024 11:02,3.96,125.2602,93.13,Philippines,https://earthquake.usgs.gov/earthquakes/eventpage/us6000m3yv
us6000m26m,"M 4.5 - 28 km NNW of Umachiri, Peru",4.5,2024-01-06 10:31:15.139,06-01-2024 10:31,-14.6337,-70.9002,178.778,Peru,https://earthquake.usgs.gov/earthquakes/eventpage/us6000m26m
us6000m3ys,"M 4.4 - 252 km SE of Hihifo, Tonga",4.4,2024-01-06 07:56:41.099,06-01-2024 07:56,-17.3354,-171.9169,10.0,Tonga,https://earthquake.usgs.gov/earthquakes/eventpage/us6000m3ys
us6000m3z1,"M 4.0 - 71 km SSE of Waingapu, Indonesia",4.0,2024-01-06 07:31:06.598,06-01-2024 07:31,-10.2059,120.6003,27.82,Indonesia,https://earthquake.usgs.gov/earthquakes/eventpage/us6000m3z1
us6000m3yn,M 4.4 - South Sandwich Islands region,4.4,2024-01-06 05:39:43.072,06-01-2024 05:39,-58.3481,-25.4528,51.4,South Sandwich Islands region,https://earthquake.usgs.gov/earthquakes/eventpage/us6000m3yn
us6000m3ym,"M 4.3 - 122 km ENE of Hirara, Japan",4.3,2024-01-06 04:36:20.715,06-01-2024 04:36,25.3617,126.3537,46.663,Japan,https://earthquake.usgs.gov/earthquakes/eventpage/us6000m3ym
us6000m3yq,M 4.4 - south of the Fiji Islands,4.4,2024-01-06 02:12:13.148,06-01-2024 02:12,-23.5776,-177.5246,276.562,south of the Fiji Islands,https://earthquake.usgs.gov/earthquakes/eventpage/us6000m3yq
us6000m3yp,"M 4.9 - 132 km WSW of Panguna, Papua New Guinea",4.9,2024-01-06 01:52:40.239,06-01-2024 01:52,-6.8277,154.4015,10.0,Papua New Guinea,https://earthquake.usgs.gov/earthquakes/eventpage/us6000m3yp
us6000m3yl,"M 4.5 - 39 km ESE of Takahagi, Japan",4.5,2024-01-06 01:15:29.729,06-01-2024 01:15,36.6225,141.1473,51.484,Japan,https://earthquake.usgs.gov/earthquakes/eventpage/us6000m3yl
us6000m24t,"M 4.8 - 18 km SSE of Khorugh, Tajikistan",4.8,2024-01-06 01:12:47.568,06-01-2024 01:12,37.3261,71.6036,121.561,Tajikistan,https://earthquake.usgs.gov/earthquakes/eventpage/us6000m24t
us6000m24p,"M 4.5 - 52 km W of Jipijapa, Ecuador",4.5,2024-01-06 01:03:31.563,06-01-2024 01:03,-1.3156,-81.0475,10.0,Ecuador,https://earthquake.usgs.gov/earthquakes/eventpage/us6000m24p
us6000m3yk,"M 4.4 - 66 km ENE of Finschhafen, Papua New Guinea",4.4,2024-01-06 00:48:03.119,06-01-2024 00:48,-6.2935,148.3872,94.924,Papua New Guinea,https://earthquake.usgs.gov/earthquakes/eventpage/us6000m3yk
us6000m3yb,"M 4.3 - 22 km NE of Port-Olry, Vanuatu",4.3,2024-01-05 23:22:03.471,05-01-2024 23:22,-14.8921,167.2155,118.417,Vanuatu,https://earthquake.usgs.gov/earthquakes/eventpage/us6000m3yb
us6000m3y9,M 4.5 - Easter Island region,4.5,2024-01-05 22:36:38.546,05-01-2024 22:36,-26.3467,-114.0718,10.0,Easter Island region,https://earthquake.usgs.gov/earthquakes/eventpage/us6000m3y9
us6000m246,"M 4.9 - 178 km NE of Lospalos, Timor Leste",4.9,2024-01-05 22:26:12.720,05-01-2024 22:26,-7.5197,128.2649,156.201,Timor Leste,https://earthquake.usgs.gov/earthquakes/eventpage/us6000m246
us6000m3y8,"M 4.3 - 122 km ENE of Port-Olry, Vanuatu",4.3,2024-01-05 22:19:27.843,05-01-2024 22:19,-14.8058,168.1852,10.0,Vanuatu,https://earthquake.usgs.gov/earthquakes/eventpage/us6000m3y8
us6000m23v,"M 4.2 - 22 km E of Anamizu, Japan",4.2,2024-01-05 21:57:16.020,05-01-2024 21:57,37.2352,137.148,10.0,Japan,https://earthquake.usgs.gov/earthquakes/eventpage/us6000m23v
us6000m23r,"M 4.2 - 19 km SSW of Kalpáki, Greece",4.2,2024-01-05 21:51:59.524,05-01-2024 21:51,39.7428,20.5036,47.485,Greece,https://earthquake.usgs.gov/earthquakes/eventpage/us6000m23r
us6000m3yd,M 4.1 - Banda Sea,4.1,2024-01-05 20:34:26.321,05-01-2024 20:34,-6.9371,130.2864,99.128,Banda Sea,https://earthquake.usgs.gov/earthquakes/eventpage/us6000m3yd
us6000m22x,"M 5.1 - 6 km W of Anamizu, Japan",5.1,2024-01-05 20:26:51.093,05-01-2024 20:26,37.2225,136.8266,10.0,Japan,https://earthquake.usgs.gov/earthquakes/eventpage/us6000m22x
us6000m3yc,M 4.2 - Fiji region,4.2,2024-01-05 20:02:30.535,05-01-2024 20:02,-18.9599,-177.6768,566.396,Fiji region,https://earthquake.usgs.gov/earthquakes/eventpage/us6000m3yc
us6000m3y5,"M 4.4 - 57 km W of Kupang, Indonesia",4.4,2024-01-05 19:38:45.398,05-01-2024 19:38,-10.16,123.0798,19.255,Indonesia,https://earthquake.usgs.gov/earthquakes/eventpage/us6000m3y5
ci40455759,"M 4.2 - 1 km W of Lytle Creek, CA",4.15,2024-01-05 18:55:54.870,05-01-2024 18:55,34.2583333,-117.5088333,9.11,CA,https://earthquake.usgs.gov/earthquakes/eventpage/ci40455759
us6000m3y7,"M 4.1 - 199 km NE of Lospalos, Timor Leste",4.1,2024-01-05 18:52:48.949,05-01-2024 18:52,-7.472,128.4716,130.359,Timor Leste,https://earthquake.usgs.gov/earthquakes/eventpage/us6000m3y7
us6000m229,"M 4.5 - 176 km ESE of Kokopo, Papua New Guinea",4.5,2024-01-05 17:52:08.451,05-01-2024 17:52,-5.0457,153.7007,86.325,Papua New Guinea,https://earthquake.usgs.gov/earthquakes/eventpage/us6000m229
us6000m21w,"M 4.9 - 20 km WSW of Anamizu, Japan",4.9,2024-01-05 16:59:08.446,05-01-2024 16:59,37.1756,136.6794,10.0,Japan,https://earthquake.usgs.gov/earthquakes/eventpage/us6000m21w
us6000m21v,M 4.7 - south of the Fiji Islands,4.7,2024-01-05 16:59:03.311,05-01-2024 16:59,-24.7291,179.7373,500.551,south of the Fiji Islands,https://earthquake.usgs.gov/earthquakes/eventpage/us6000m21v
us6000m21u,"M 4.7 - 23 km NW of Yonakuni, Japan",4.7,2024-01-05 16:58:07.085,05-01-2024 16:58,24.6228,122.847,85.464,Japan,https://earthquake.usgs.gov/earthquakes/eventpage/us6000m21u
us6000m21h,"M 4.7 - 16 km SSE of Rustāq, Afghanistan",4.7,2024-01-05 15:47:51.196,05-01-2024 15:47,36.9968,69.9173,10.0,Afghanistan,https://earthquake.usgs.gov/earthquakes/eventpage/us6000m21h
us6000m1z4,"M 4.4 - 19 km NE of Anamizu, Japan",4.4,2024-01-05 13:09:25.303,05-01-2024 13:09,37.3815,137.0245,10.204,Japan,https://earthquake.usgs.gov/earthquakes/eventpage/us6000m1z4
us6000m3xl,M 4.6 - western Indian-Antarctic Ridge,4.6,2024-01-05 10:56:56.753,05-01-2024 10:56,-49.8703,115.6294,10.0,western Indian-Antarctic Ridge,https://earthquake.usgs.gov/earthquakes/eventpage/us6000m3xl
us6000m3xm,"M 4.2 - 213 km E of Levuka, Fiji",4.2,2024-01-05 10:56:44.243,05-01-2024 10:56,-18.1153,-178.6653,562.266,Fiji,https://earthquake.usgs.gov/earthquakes/eventpage/us6000m3xm
us6000m3xj,M 4.7 - southern East Pacific Rise,4.7,2024-01-05 09:43:39.133,05-01-2024 09:43,-24.4963,-116.0717,10.0,southern East Pacific Rise,https://earthquake.usgs.gov/earthquakes/eventpage/us6000m3xj
us6000m3xy,M 4.6 - South Sandwich Islands region,4.6,2024-01-05 09:25:45.269,05-01-2024 09:25,-55.8936,-27.2535,80.556,South Sandwich Islands region,https://earthquake.usgs.gov/earthquakes/eventpage/us6000m3xy
us6000m3xq,"M 4.3 - Volcano Islands, Japan region",4.3,2024-01-05 09:13:11.724,05-01-2024 09:13,25.3445,141.498,10.0,Japan region,https://earthquake.usgs.gov/earthquakes/eventpage/us6000m3xq
us6000m3xw,"M 4.5 - 174 km N of Sanana, Indonesia",4.5,2024-01-05 08:04:01.056,05-01-2024 08:04,-0.4947,125.7796,41.805,Indonesia,https://earthquake.usgs.gov/earthquakes/eventpage/us6000m3xw
us6000m3xh,"M 4.2 - 11 km ENE of Honoria, Peru",4.2,2024-01-05 07:29:57.044,05-01-2024 07:29,-8.7197,-74.6159,142.644,Peru,https://earthquake.usgs.gov/earthquakes/eventpage/us6000m3xh
us6000m1xt,"M 4.1 - 36 km W of Abra Pampa, Argentina",4.1,2024-01-05 07:00:30.653,05-01-2024 07:00,-22.7149,-66.0504,272.915,Argentina,https://earthquake.usgs.gov/earthquakes/eventpage/us6000m1xt
us6000m1xq,"M 4.5 - 296 km ENE of Lospalos, Timor Leste",4.5,2024-01-05 06:49:10.580,05-01-2024 06:49,-7.9732,129.6334,23.502,Timor Leste,https://earthquake.usgs.gov/earthquakes/eventpage/us6000m1xq
us6000m3xi,"M 4.6 - Izu Islands, Japan region",4.6,2024-01-05 06:31:42.601,05-01-2024 06:31,32.3484,141.7854,10.0,Japan region,https://earthquake.usgs.gov/earthquakes/eventpage/us6000m3xi
us6000m3xg,M 4.5 - central Mid-Atlantic Ridge,4.5,2024-01-05 06:20:50.938,05-01-2024 06:20,0.8641,-29.2383,10.0,central Mid-Atlantic Ridge,https://earthquake.usgs.gov/earthquakes/eventpage/us6000m3xg
us6000m1xm,"M 4.3 - 57 km N of Itoigawa, Japan",4.3,2024-01-05 06:03:42.760,05-01-2024 06:03,37.5439,137.7497,10.0,Japan,https://earthquake.usgs.gov/earthquakes/eventpage/us6000m1xm
us6000m1xk,"M 4.9 - 115 km SW of Kokopo, Papua New Guinea",4.9,2024-01-05 05:50:11.994,05-01-2024 05:50,-5.1884,151.6554,100.915,Papua New Guinea,https://earthquake.usgs.gov/earthquakes/eventpage/us6000m1xk
us6000m3xd,"M 4.1 - 215 km ENE of Lospalos, Timor Leste",4.1,2024-01-05 05:31:56.369,05-01-2024 05:31,-7.4931,128.6572,137.128,Timor Leste,https://earthquake.usgs.gov/earthquakes/eventpage/us6000m3xd
us6000m3xe,M 4.2 - east of the Kuril Islands,4.2,2024-01-05 05:22:46.143,05-01-2024 05:22,43.8484,151.4276,10.0,east of the Kuril Islands,https://earthquake.usgs.gov/earthquakes/eventpage/us6000m3xe
us6000m1wx,"M 4.5 - 45 km WNW of Coronel, Chile",4.5,2024-01-05 03:54:07.278,05-01-2024 03:54,-36.8638,-73.6087,23.237,Chile,https://earthquake.usgs.gov/earthquakes/eventpage/us6000m1wx
us6000m3x8,"M 4.4 - 64 km S of Ust’-Kamchatsk Staryy, Russia",4.4,2024-01-05 03:32:44.947,05-01-2024 03:32,55.6494,162.4567,58.052,Russia,https://earthquake.usgs.gov/earthquakes/eventpage/us6000m3x8
us6000m1wi,M 5.1 - western Indian-Antarctic Ridge,5.1,2024-01-05 03:16:52.349,05-01-2024 03:16,-49.8157,115.1839,10.0,western Indian-Antarctic Ridge,https://earthquake.usgs.gov/earthquakes/eventpage/us6000m1wi
us6000m3x5,"M 4.4 - 14 km S of Giporlos, Philippines",4.4,2024-01-05 02:57:28.798,05-01-2024 02:57,10.991,125.4677,95.259,Philippines,https://earthquake.usgs.gov/earthquakes/eventpage/us6000m3x5
us6000m3x6,"M 4.1 - 151 km ESE of Mil’kovo, Russia",4.1,2024-01-05 02:55:05.727,05-01-2024 02:55,54.2891,160.8493,56.37,Russia,https://earthquake.usgs.gov/earthquakes/eventpage/us6000m3x6
us6000m3x3,"M 4.2 - 67 km WSW of Sado, Japan",4.2,2024-01-05 01:56:39.297,05-01-2024 01:56,37.74,137.6824,10.0,Japan,https://earthquake.usgs.gov/earthquakes/eventpage/us6000m3x3
us6000m3x1,"M 4.2 - 164 km ESE of Pondaguitan, Philippines",4.2,2024-01-05 01:15:40.339,05-01-2024 01:15,5.8063,127.5533,10.0,Philippines,https://earthquake.usgs.gov/earthquakes/eventpage/us6000m3x1
us6000m1vw,"M 4.1 - 28 km N of Atiquipa, Peru",4.1,2024-01-05 00:55:43.229,05-01-2024 00:55,-15.5412,-74.3369,66.503,Peru,https://earthquake.usgs.gov/earthquakes/eventpage/us6000m1vw
us6000m3x0,"M 4.3 - 16 km NW of Gitagum, Philippines",4.3,2024-01-05 00:45:34.465,05-01-2024 00:45,8.7194,124.3214,9.973,Philippines,https://earthquake.usgs.gov/earthquakes/eventpage/us6000m3x0
us6000m1vr,M 4.5 - Fiji region,4.5,2024-01-04 23:42:10.828,04-01-2024 23:42,-19.3119,-177.5186,557.501,Fiji region,https://earthquake.usgs.gov/earthquakes/eventpage/us6000m1vr
us6000m1vp,"M 4.1 - 67 km W of San Antonio de los Cobres, Argentina",4.1,2024-01-04 23:39:56.245,04-01-2024 23:39,-24.2518,-66.985,173.515,Argentina,https://earthquake.usgs.gov/earthquakes/eventpage/us6000m1vp
us6000m1vj,"M 4.4 - 53 km SSE of Kushima, Japan",4.4,2024-01-04 23:06:28.295,04-01-2024 23:06,31.0632,131.5187,35.0,Japan,https://earthquake.usgs.gov/earthquakes/eventpage/us6000m1vj
us6000m1vd,"M 4.6 - 299 km E of Levuka, Fiji",4.6,2024-01-04 22:39:13.379,04-01-2024 22:39,-18.0465,-177.8563,579.91,Fiji,https://earthquake.usgs.gov/earthquakes/eventpage/us6000m1vd
us6000m1va,"M 4.3 - 179 km SE of Kuril’sk, Russia",4.3,2024-01-04 22:16:03.881,04-01-2024 22:16,43.8912,149.1508,10.0,Russia,https://earthquake.usgs.gov/earthquakes/eventpage/us6000m1va
us6000m1v5,"M 4.4 - 113 km SE of Lata, Solomon Islands",4.4,2024-01-04 21:51:39.897,04-01-2024 21:51,-11.4966,166.4794,145.851,Solomon Islands,https://earthquake.usgs.gov/earthquakes/eventpage/us6000m1v5
us6000m3rz,M 4.2 - southeast Indian Ridge,4.2,2024-01-04 19:48:13.018,04-01-2024 19:48,-49.9838,112.7034,10.0,southeast Indian Ridge,https://earthquake.usgs.gov/earthquakes/eventpage/us6000m3rz
us6000m3rx,M 4.2 - Balleny Islands region,4.2,2024-01-04 18:38:10.579,04-01-2024 18:38,-61.0554,154.8866,10.0,Balleny Islands region,https://earthquake.usgs.gov/earthquakes/eventpage/us6000m3rx
us6000m3ru,M 4.5 - Balleny Islands region,4.5,2024-01-04 17:51:47.350,04-01-2024 17:51,-61.6388,154.5323,10.0,Balleny Islands region,https://earthquake.usgs.gov/earthquakes/eventpage/us6000m3ru
us6000m3rs,"M 4.5 - 118 km WSW of Panguna, Papua New Guinea",4.5,2024-01-04 16:11:30.954,04-01-2024 16:11,-6.8304,154.5416,10.0,Papua New Guinea,https://earthquake.usgs.gov/earthquakes/eventpage/us6000m3rs
us6000m1sh,"M 4.7 - 83 km NNW of Pototano, Indonesia",4.7,2024-01-04 16:03:29.377,04-01-2024 16:03,-7.7606,117.1072,304.454,Indonesia,https://earthquake.usgs.gov/earthquakes/eventpage/us6000m1sh
us6000m3rq,M 4.5 - south of the Fiji Islands,4.5,2024-01-04 15:23:03.620,04-01-2024 15:23,-25.5985,-177.0524,76.334,south of the Fiji Islands,https://earthquake.usgs.gov/earthquakes/eventpage/us6000m3rq
us6000m1s9,"M 4.3 - 9 km E of Ichinoseki, Japan",4.3,2024-01-04 15:17:59.556,04-01-2024 15:17,38.8998,141.2447,74.438,Japan,https://earthquake.usgs.gov/earthquakes/eventpage/us6000m1s9
us6000m3rv,"M 4.4 - 131 km WSW of Panguna, Papua New Guinea",4.4,2024-01-04 15:07:53.640,04-01-2024 15:07,-6.9407,154.4751,10.0,Papua New Guinea,https://earthquake.usgs.gov/earthquakes/eventpage/us6000m3rv
us6000m1s6,"M 4.6 - 10 km NNE of Nanao, Japan",4.6,2024-01-04 15:04:13.850,04-01-2024 15:04,37.1426,137.0054,10.0,Japan,https://earthquake.usgs.gov/earthquakes/eventpage/us6000m1s6
us6000m1ry,"M 4.6 - Izu Islands, Japan region",4.6,2024-01-04 13:59:08.875,04-01-2024 13:59,31.4856,139.6402,10.0,Japan region,https://earthquake.usgs.gov/earthquakes/eventpage/us6000m1ry
us6000m1rt,"M 4.6 - 40 km WSW of Masachapa, Nicaragua",4.6,2024-01-04 13:57:25.218,04-01-2024 13:57,11.6331,-86.8538,53.092,Nicaragua,https://earthquake.usgs.gov/earthquakes/eventpage/us6000m1rt
us6000m1rn,"M 4.7 - 30 km SSW of Sechura, Peru",4.7,2024-01-04 13:46:26.091,04-01-2024 13:46,-5.8112,-80.9384,39.007,Peru,https://earthquake.usgs.gov/earthquakes/eventpage/us6000m1rn
us6000m1ri,"M 4.5 - 60 km WSW of Sado, Japan",4.5,2024-01-04 12:30:38.558,04-01-2024 12:30,37.8102,137.7241,10.0,Japan,https://earthquake.usgs.gov/earthquakes/eventpage/us6000m1ri
us6000m1rg,"M 4.4 - 124 km ENE of Hasaki, Japan",4.4,2024-01-04 12:15:41.177,04-01-2024 12:15,36.1379,142.1221,27.678,Japan,https://earthquake.usgs.gov/earthquakes/eventpage/us6000m1rg
us6000m1ps,"M 4.5 - 93 km SW of Labuha, Indonesia",4.5,2024-01-04 11:30:49.415,04-01-2024 11:30,-1.2518,126.9104,10.0,Indonesia,https://earthquake.usgs.gov/earthquakes/eventpage/us6000m1ps
us6000m3rl,"M 4.5 - Maug Islands region, Northern Mariana Islands",4.5,2024-01-04 11:25:12.569,04-01-2024 11:25,20.0502,145.2582,10.0,Northern Mariana Islands,https://earthquake.usgs.gov/earthquakes/eventpage/us6000m3rl
us6000m1pn,"M 4.6 - 146 km NW of Sola, Vanuatu",4.6,2024-01-04 11:05:30.580,04-01-2024 11:05,-12.837,166.7133,126.23,Vanuatu,https://earthquake.usgs.gov/earthquakes/eventpage/us6000m1pn
us6000m3rj,"M 4.2 - Izu Islands, Japan region",4.2,2024-01-04 09:49:51.424,04-01-2024 09:49,31.4426,139.6291,10.0,Japan region,https://earthquake.usgs.gov/earthquakes/eventpage/us6000m3rj
us6000m1mb,M 4.5 - Fiji region,4.5,2024-01-04 09:09:07.308,04-01-2024 09:09,-21.5587,-179.1956,604.794,Fiji region,https://earthquake.usgs.gov/earthquakes/eventpage/us6000m1mb
us6000m3s6,M 4.2 - western Indian-Antarctic Ridge,4.2,2024-01-04 08:47:28.167,04-01-2024 08:47,-49.5349,115.7903,10.0,western Indian-Antarctic Ridge,https://earthquake.usgs.gov/earthquakes/eventpage/us6000m3s6
us6000m3ri,M 4.5 - western Indian-Antarctic Ridge,4.5,2024-01-04 08:41:16.291,04-01-2024 08:41,-49.8381,115.5509,10.0,western Indian-Antarctic Ridge,https://earthquake.usgs.gov/earthquakes/eventpage/us6000m3ri
us6000m1m7,"M 4.2 - 58 km WSW of Suttsu, Japan",4.2,2024-01-04 08:38:19.091,04-01-2024 08:38,42.5943,139.5608,200.631,Japan,https://earthquake.usgs.gov/earthquakes/eventpage/us6000m1m7
us6000m1m0,"M 4.9 - 70 km NE of Anamizu, Japan",4.9,2024-01-04 08:16:22.946,04-01-2024 08:16,37.6914,137.456,10.0,Japan,https://earthquake.usgs.gov/earthquakes/eventpage/us6000m1m0
us6000m3rh,"M 4.8 - Izu Islands, Japan region",4.8,2024-01-04 08:15:59.298,04-01-2024 08:15,31.4684,139.4944,10.0,Japan region,https://earthquake.usgs.gov/earthquakes/eventpage/us6000m3rh
us6000m1lx,"M 4.7 - 25 km E of Hinatuan, Philippines",4.7,2024-01-04 07:32:22.215,04-01-2024 07:32,8.3869,126.5607,84.702,Philippines,https://earthquake.usgs.gov/earthquakes/eventpage/us6000m1lx
us6000m3re,M 4.7 - western Indian-Antarctic Ridge,4.7,2024-01-04 07:11:05.612,04-01-2024 07:11,-49.7724,115.2069,10.936,western Indian-Antarctic Ridge,https://earthquake.usgs.gov/earthquakes/eventpage/us6000m3re
us6000m3rd,"M 4.1 - 130 km E of Tomioka, Japan",4.1,2024-01-04 07:01:19.711,04-01-2024 07:01,37.2404,142.4809,29.761,Japan,https://earthquake.usgs.gov/earthquakes/eventpage/us6000m3rd
us6000m3rc,"M 4.2 - 112 km E of Tomioka, Japan",4.2,2024-01-04 06:57:12.981,04-01-2024 06:57,37.2516,142.2812,33.172,Japan,https://earthquake.usgs.gov/earthquakes/eventpage/us6000m3rc
us6000m1lr,"M 4.5 - 47 km ENE of Anamizu, Japan",4.5,2024-01-04 06:46:47.423,04-01-2024 06:46,37.4636,137.3572,10.0,Japan,https://earthquake.usgs.gov/earthquakes/eventpage/us6000m1lr
us6000m1lq,M 4.6 - Kuril Islands,4.6,2024-01-04 06:26:04.486,04-01-2024 06:26,48.3854,152.9705,142.382,Kuril Islands,https://earthquake.usgs.gov/earthquakes/eventpage/us6000m1lq
us6000m1lp,"M 4.4 - 130 km NE of Lospalos, Timor Leste",4.4,2024-01-04 06:15:24.684,04-01-2024 06:15,-7.6299,127.7754,161.19,Timor Leste,https://earthquake.usgs.gov/earthquakes/eventpage/us6000m1lp
us6000m1lm,"M 4.3 - 64 km W of Ollagüe, Chile",4.3,2024-01-04 06:05:20.849,04-01-2024 06:05,-21.2223,-68.877,128.885,Chile,https://earthquake.usgs.gov/earthquakes/eventpage/us6000m1lm
us6000m3s4,"M 4.5 - 16 km ESE of Orkney, South Africa",4.5,2024-01-04 05:07:11.158,04-01-2024 05:07,-27.031,26.8294,5.0,South Africa,https://earthquake.usgs.gov/earthquakes/eventpage/us6000m3s4
us6000m1ld,"M 5.7 - 125 km W of Houma, Tonga",5.7,2024-01-04 04:56:37.532,04-01-2024 04:56,-21.1187,-176.5067,197.0,Tonga,https://earthquake.usgs.gov/earthquakes/eventpage/us6000m1ld
us6000m1l2,"M 4.1 - 9 km SSW of El Consuelo Ulapa, Mexico",4.1,2024-01-04 03:43:26.871,04-01-2024 03:43,15.3131,-92.839,107.483,Mexico,https://earthquake.usgs.gov/earthquakes/eventpage/us6000m1l2
us6000m3r9,M 4.5 - South Sandwich Islands region,4.5,2024-01-04 03:29:39.020,04-01-2024 03:29,-57.9285,-25.6111,49.816,South Sandwich Islands region,https://earthquake.usgs.gov/earthquakes/eventpage/us6000m3r9
us6000m3r8,"M 4.4 - 99 km SSW of Kokopo, Papua New Guinea",4.4,2024-01-04 02:58:46.301,04-01-2024 02:58,-5.1577,151.8793,56.689,Papua New Guinea,https://earthquake.usgs.gov/earthquakes/eventpage/us6000m3r8
us6000m3r7,"M 4.6 - 68 km ESE of Tobelo, Indonesia",4.6,2024-01-04 02:00:09.678,04-01-2024 02:00,1.5765,128.6075,10.0,Indonesia,https://earthquake.usgs.gov/earthquakes/eventpage/us6000m3r7
us6000m1kk,M 5.0 - Banda Sea,5.0,2024-01-04 00:43:16.914,04-01-2024 00:43,-6.9962,129.7689,137.491,Banda Sea,https://earthquake.usgs.gov/earthquakes/eventpage/us6000m1kk
us6000m1kd,"M 4.6 - 242 km E of Levuka, Fiji",4.6,2024-01-04 00:22:32.711,04-01-2024 00:22,-18.0612,-178.3959,606.211,Fiji,https://earthquake.usgs.gov/earthquakes/eventpage/us6000m1kd
us6000m1kb,"M 4.6 - Izu Islands, Japan region",4.6,2024-01-04 00:17:31.276,04-01-2024 00:17,32.4482,141.7438,22.311,Japan region,https://earthquake.usgs.gov/earthquakes/eventpage/us6000m1kb
us6000m3r5,"M 4.2 - 127 km SSW of Hihifo, Tonga",4.2,2024-01-04 00:07:17.576,04-01-2024 00:07,-17.0218,-174.2361,125.005,Tonga,https://earthquake.usgs.gov/earthquakes/eventpage/us6000m3r5
us6000m3rb,"M 4.4 - 158 km ESE of Modisi, Indonesia",4.4,2024-01-04 00:02:41.411,04-01-2024 00:02,-0.336,125.6297,50.786,Indonesia,https://earthquake.usgs.gov/earthquakes/eventpage/us6000m3rb
us6000m3c2,"M 4.4 - 211 km SE of Pondaguitan, Philippines",4.4,2024-01-03 22:44:18.408,03-01-2024 22:44,4.8183,127.2989,45.929,Philippines,https://earthquake.usgs.gov/earthquakes/eventpage/us6000m3c2
us6000m3c1,"M 4.2 - Izu Islands, Japan region",4.2,2024-01-03 21:57:42.631,03-01-2024 21:57,31.4911,139.7724,9.944,Japan region,https://earthquake.usgs.gov/earthquakes/eventpage/us6000m3c1
us6000m3c0,"M 4.1 - Maug Islands region, Northern Mariana Islands",4.1,2024-01-03 21:29:02.539,03-01-2024 21:29,19.9803,145.0811,10.0,Northern Mariana Islands,https://earthquake.usgs.gov/earthquakes/eventpage/us6000m3c0
us6000m1j9,"M 5.0 - Maug Islands region, Northern Mariana Islands",5.0,2024-01-03 21:12:54.145,03-01-2024 21:12,19.9265,145.3765,10.0,Northern Mariana Islands,https://earthquake.usgs.gov/earthquakes/eventpage/us6000m1j9
us6000m1j0,"M 4.8 - Maug Islands region, Northern Mariana Islands",4.8,2024-01-03 20:32:44.642,03-01-2024 20:32,19.923,145.4694,10.0,Northern Mariana Islands,https://earthquake.usgs.gov/earthquakes/eventpage/us6000m1j0
us6000m1iz,M 4.7 - Reykjanes Ridge,4.7,2024-01-03 20:21:15.782,03-01-2024 20:21,56.3815,-34.0248,10.0,Reykjanes Ridge,https://earthquake.usgs.gov/earthquakes/eventpage/us6000m1iz
us6000m1iu,"M 4.5 - 134 km SSW of Pagar Alam, Indonesia",4.5,2024-01-03 20:11:14.750,03-01-2024 20:11,-5.1758,102.8473,50.003,Indonesia,https://earthquake.usgs.gov/earthquakes/eventpage/us6000m1iu
us6000m1ip,"M 4.3 - Bonin Islands, Japan region",4.3,2024-01-03 19:50:42.378,03-01-2024 19:50,26.1499,140.6645,353.193,Japan region,https://earthquake.usgs.gov/earthquakes/eventpage/us6000m1ip
us6000m1if,M 4.9 - South Sandwich Islands region,4.9,2024-01-03 19:45:48.555,03-01-2024 19:45,-56.0575,-27.8881,113.281,South Sandwich Islands region,https://earthquake.usgs.gov/earthquakes/eventpage/us6000m1if
us6000m1i7,"M 4.0 - 9 km NE of Murghob, Tajikistan",4.0,2024-01-03 19:42:11.944,03-01-2024 19:42,38.237,74.0407,163.138,Tajikistan,https://earthquake.usgs.gov/earthquakes/eventpage/us6000m1i7
us6000m1i6,"M 4.8 - 54 km WSW of Sado, Japan",4.8,2024-01-03 19:38:41.329,03-01-2024 19:38,37.7958,137.8096,5.972,Japan,https://earthquake.usgs.gov/earthquakes/eventpage/us6000m1i6
us6000m1i2,"M 4.3 - 98 km WSW of Balai Pungut, Indonesia",4.3,2024-01-03 19:11:18.148,03-01-2024 19:11,0.708,100.474,222.317,Indonesia,https://earthquake.usgs.gov/earthquakes/eventpage/us6000m1i2
us6000m1i0,"M 4.5 - 25 km SSW of Padam, India",4.5,2024-01-03 19:08:16.618,03-01-2024 19:08,33.2551,76.7872,17.945,India,https://earthquake.usgs.gov/earthquakes/eventpage/us6000m1i0
us6000m1hf,M 5.1 - south of Africa,5.1,2024-01-03 18:07:13.613,03-01-2024 18:07,-52.3954,27.9066,10.0,south of Africa,https://earthquake.usgs.gov/earthquakes/eventpage/us6000m1hf
us6000m3c3,"M 4.1 - 15 km WNW of Ichinohe, Japan",4.1,2024-01-03 17:58:55.712,03-01-2024 17:58,40.2844,141.1233,106.354,Japan,https://earthquake.usgs.gov/earthquakes/eventpage/us6000m3c3
us6000m3bw,"M 4.3 - Izu Islands, Japan region",4.3,2024-01-03 17:42:18.485,03-01-2024 17:42,32.4277,141.8616,10.0,Japan region,https://earthquake.usgs.gov/earthquakes/eventpage/us6000m3bw
us7000ltji,"M 4.1 - 252 km SW of Prince Rupert, Canada",4.1,2024-01-03 17:14:06.146,03-01-2024 17:14,52.5166,-132.6435,10.0,Canada,https://earthquake.usgs.gov/earthquakes/eventpage/us7000ltji
us6000m1fl,"M 4.6 - 31 km NE of Anamizu, Japan",4.6,2024-01-03 15:36:53.611,03-01-2024 15:36,37.4364,137.1541,10.0,Japan,https://earthquake.usgs.gov/earthquakes/eventpage/us6000m1fl
us6000m3br,"M 4.4 - 1 km WSW of Santa Monica, Philippines",4.4,2024-01-03 15:01:05.862,03-01-2024 15:01,10.0148,126.0296,78.347,Philippines,https://earthquake.usgs.gov/earthquakes/eventpage/us6000m3br
us6000m1f8,"M 4.5 - 62 km SSW of San Carlos, Mexico",4.5,2024-01-03 14:23:34.118,03-01-2024 14:23,27.4879,-111.3862,10.0,Mexico,https://earthquake.usgs.gov/earthquakes/eventpage/us6000m1f8
us6000m1f9,"M 4.5 - 197 km N of Saipan, Northern Mariana Islands",4.5,2024-01-03 14:18:51.653,03-01-2024 14:18,16.9728,146.0802,123.757,Northern Mariana Islands,https://earthquake.usgs.gov/earthquakes/eventpage/us6000m1f9
us6000m1f4,"M 4.0 - 47 km SSE of Golfo de Santa Clara, Mexico",4.0,2024-01-03 13:58:10.385,03-01-2024 13:58,31.3134,-114.263,10.0,Mexico,https://earthquake.usgs.gov/earthquakes/eventpage/us6000m1f4
us6000m3bq,M 4.7 - southeast of Easter Island,4.7,2024-01-03 13:46:16.433,03-01-2024 13:46,-35.5272,-103.9478,10.0,southeast of Easter Island,https://earthquake.usgs.gov/earthquakes/eventpage/us6000m3bq
us6000m3bn,"M 4.4 - 26 km SW of Burias, Philippines",4.4,2024-01-03 12:59:19.567,03-01-2024 12:59,5.5484,125.0908,79.453,Philippines,https://earthquake.usgs.gov/earthquakes/eventpage/us6000m3bn
us6000m3bk,M 4.5 - south of Africa,4.5,2024-01-03 11:06:21.388,03-01-2024 11:06,-52.2827,28.1043,10.0,south of Africa,https://earthquake.usgs.gov/earthquakes/eventpage/us6000m3bk
us6000m1ei,"M 4.4 - 213 km SE of Katsuura, Japan",4.4,2024-01-03 10:51:14.049,03-01-2024 10:51,33.6836,141.825,10.0,Japan,https://earthquake.usgs.gov/earthquakes/eventpage/us6000m1ei
us6000m1eg,"M 4.4 - 2 km SW of Seltjarnarnes, Iceland",4.4,2024-01-03 10:50:32.456,03-01-2024 10:50,64.1369,-22.0235,10.0,Iceland,https://earthquake.usgs.gov/earthquakes/eventpage/us6000m1eg
us6000m3bj,"M 4.2 - 14 km SW of Anamizu, Japan",4.2,2024-01-03 10:42:14.323,03-01-2024 10:42,37.1549,136.7757,10.0,Japan,https://earthquake.usgs.gov/earthquakes/eventpage/us6000m3bj
us6000m1e1,"M 4.5 - 80 km ESE of Yamada, Japan",4.5,2024-01-03 09:53:53.960,03-01-2024 09:53,39.1672,142.7952,39.683,Japan,https://earthquake.usgs.gov/earthquakes/eventpage/us6000m1e1
us6000m1dz,"M 4.7 - 10 km N of Anamizu, Japan",4.7,2024-01-03 09:48:00.219,03-01-2024 09:48,37.3248,136.9172,10.0,Japan,https://earthquake.usgs.gov/earthquakes/eventpage/us6000m1dz
us6000m1dx,"M 4.9 - 10 km SW of Ashkāsham, Afghanistan",4.9,2024-01-03 09:24:16.738,03-01-2024 09:24,36.6249,71.4376,134.748,Afghanistan,https://earthquake.usgs.gov/earthquakes/eventpage/us6000m1dx
us6000m3bp,"M 4.4 - 109 km SE of Gorontalo, Indonesia",4.4,2024-01-03 08:47:14.658,03-01-2024 08:47,-0.248,123.6555,97.778,Indonesia,https://earthquake.usgs.gov/earthquakes/eventpage/us6000m3bp
us6000m1cl,"M 4.5 - 69 km WSW of Ollagüe, Chile",4.5,2024-01-03 08:27:06.125,03-01-2024 08:27,-21.4626,-68.8772,114.237,Chile,https://earthquake.usgs.gov/earthquakes/eventpage/us6000m1cl
us6000m3bf,"M 4.3 - 63 km WSW of Sado, Japan",4.3,2024-01-03 08:15:07.725,03-01-2024 08:15,37.742,137.7262,10.0,Japan,https://earthquake.usgs.gov/earthquakes/eventpage/us6000m3bf
us6000m1cj,"M 4.6 - 42 km WNW of Port-Vila, Vanuatu",4.6,2024-01-03 08:09:54.682,03-01-2024 08:09,-17.5587,167.9629,10.0,Vanuatu,https://earthquake.usgs.gov/earthquakes/eventpage/us6000m1cj
us6000m1ci,"M 4.2 - 3 km SSW of Rudna, Poland",4.2,2024-01-03 08:09:51.006,03-01-2024 08:09,51.4814,16.2446,5.0,Poland,https://earthquake.usgs.gov/earthquakes/eventpage/us6000m1ci
us6000m1cg,"M 5.5 - 68 km WNW of Vinchina, Argentina",5.5,2024-01-03 08:04:04.468,03-01-2024 08:04,-28.4508,-68.8167,117.0,Argentina,https://earthquake.usgs.gov/earthquakes/eventpage/us6000m1cg
us6000m1cd,"M 4.1 - 9 km NE of Anamizu, Japan",4.1,2024-01-03 07:08:12.466,03-01-2024 07:08,37.2985,136.9617,10.746,Japan,https://earthquake.usgs.gov/earthquakes/eventpage/us6000m1cd
us6000m3be,"M 4.5 - 221 km ESE of Kayangel, Palau",4.5,2024-01-03 07:06:39.692,03-01-2024 07:06,7.629,136.6719,10.0,Palau,https://earthquake.usgs.gov/earthquakes/eventpage/us6000m3be
us6000m1cc,"M 4.5 - 24 km SSW of Kokopo, Papua New Guinea",4.5,2024-01-03 07:06:24.118,03-01-2024 07:06,-4.554,152.2132,100.109,Papua New Guinea,https://earthquake.usgs.gov/earthquakes/eventpage/us6000m1cc
us6000m3bc,"M 4.2 - 281 km WNW of Houma, Tonga",4.2,2024-01-03 06:10:45.039,03-01-2024 06:10,-20.131,-177.7672,555.332,Tonga,https://earthquake.usgs.gov/earthquakes/eventpage/us6000m3bc
us6000m1c9,"M 4.1 - 130 km WSW of Nikolski, Alaska",4.1,2024-01-03 05:45:28.448,03-01-2024 05:45,52.3562,-170.5282,52.261,Alaska,https://earthquake.usgs.gov/earthquakes/eventpage/us6000m1c9
us6000m1c2,"M 4.3 - 123 km N of Labuan Bajo, Indonesia",4.3,2024-01-03 05:15:10.257,03-01-2024 05:15,-7.4041,120.1047,422.64,Indonesia,https://earthquake.usgs.gov/earthquakes/eventpage/us6000m1c2
us6000m3b7,"M 4.2 - 57 km ENE of Anamizu, Japan",4.2,2024-01-03 04:44:08.978,03-01-2024 04:44,37.5186,137.4428,9.781,Japan,https://earthquake.usgs.gov/earthquakes/eventpage/us6000m3b7
us6000m3b8,M 4.3 - Fiji region,4.3,2024-01-03 04:43:31.330,03-01-2024 04:43,-21.1327,-178.4722,535.45,Fiji region,https://earthquake.usgs.gov/earthquakes/eventpage/us6000m3b8
us6000m3b6,"M 4.2 - 202 km ESE of Pondaguitan, Philippines",4.2,2024-01-03 04:38:54.197,03-01-2024 04:38,5.3784,127.722,10.0,Philippines,https://earthquake.usgs.gov/earthquakes/eventpage/us6000m3b6
us6000m3b5,M 4.2 - south of the Fiji Islands,4.2,2024-01-03 04:28:37.931,03-01-2024 04:28,-22.2967,-179.8,659.944,south of the Fiji Islands,https://earthquake.usgs.gov/earthquakes/eventpage/us6000m3b5
us6000m3b4,"M 4.2 - 68 km NE of Anamizu, Japan",4.2,2024-01-03 04:04:31.753,03-01-2024 04:04,37.6306,137.493,12.714,Japan,https://earthquake.usgs.gov/earthquakes/eventpage/us6000m3b4
us6000m1bt,"M 4.9 - 70 km NNW of Itoigawa, Japan",4.9,2024-01-03 03:54:13.697,03-01-2024 03:54,37.6257,137.559,15.237,Japan,https://earthquake.usgs.gov/earthquakes/eventpage/us6000m1bt
us6000m3bg,"M 4.0 - 16 km W of Anamizu, Japan",4.0,2024-01-03 03:37:23.804,03-01-2024 03:37,37.2477,136.7204,10.0,Japan,https://earthquake.usgs.gov/earthquakes/eventpage/us6000m3bg
us6000m1bp,"M 4.5 - 37 km N of Camiña, Chile",4.5,2024-01-03 03:14:56.155,03-01-2024 03:14,-18.9782,-69.4112,122.106,Chile,https://earthquake.usgs.gov/earthquakes/eventpage/us6000m1bp
us6000m3a8,"M 4.1 - 43 km ENE of Anamizu, Japan",4.1,2024-01-03 02:48:27.840,03-01-2024 02:48,37.4095,137.337,11.819,Japan,https://earthquake.usgs.gov/earthquakes/eventpage/us6000m3a8
us6000m1bm,"M 4.6 - 200 km NW of Gorontalo, Indonesia",4.6,2024-01-03 02:47:15.540,03-01-2024 02:47,1.9692,121.9592,10.0,Indonesia,https://earthquake.usgs.gov/earthquakes/eventpage/us6000m1bm
us6000m1bj,"M 5.3 - 12 km N of Anamizu, Japan",5.3,2024-01-03 01:54:34.243,03-01-2024 01:54,37.3466,136.9204,10.0,Japan,https://earthquake.usgs.gov/earthquakes/eventpage/us6000m1bj
us6000m1bf,"M 4.0 - 42 km S of Hualien City, Taiwan",4.0,2024-01-03 01:43:32.673,03-01-2024 01:43,23.5964,121.5279,25.874,Taiwan,https://earthquake.usgs.gov/earthquakes/eventpage/us6000m1bf
us6000m1bg,"M 5.2 - 36 km SSE of Madang, Papua New Guinea",5.2,2024-01-03 01:43:15.915,03-01-2024 01:43,-5.5053,145.9632,61.922,Papua New Guinea,https://earthquake.usgs.gov/earthquakes/eventpage/us6000m1bg
us6000m1b7,"M 5.0 - 22 km E of Hinatuan, Philippines",5.0,2024-01-03 01:11:31.461,03-01-2024 01:11,8.3515,126.5376,76.597,Philippines,https://earthquake.usgs.gov/earthquakes/eventpage/us6000m1b7
us6000m1ar,"M 4.8 - 44 km SW of Pelabuhanratu, Indonesia",4.8,2024-01-03 00:53:49.149,03-01-2024 00:53,-7.3086,106.3106,98.951,Indonesia,https://earthquake.usgs.gov/earthquakes/eventpage/us6000m1ar
us6000m3a5,"M 4.0 - Maug Islands region, Northern Mariana Islands",4.0,2024-01-03 00:49:11.222,03-01-2024 00:49,20.1794,145.1053,230.867,Northern Mariana Islands,https://earthquake.usgs.gov/earthquakes/eventpage/us6000m3a5
us6000m1ae,"M 5.0 - 97 km W of El Aguilar, Argentina",5.0,2024-01-02 22:57:00.970,02-01-2024 22:57,-23.3669,-66.6178,188.635,Argentina,https://earthquake.usgs.gov/earthquakes/eventpage/us6000m1ae
us6000m1a4,"M 4.3 - 6 km SW of Anamizu, Japan",4.3,2024-01-02 21:32:39.491,02-01-2024 21:32,37.2018,136.8443,10.0,Japan,https://earthquake.usgs.gov/earthquakes/eventpage/us6000m1a4
us6000m3az,"M 4.1 - 28 km WSW of Calongbuyan, Philippines",4.1,2024-01-02 20:25:49.666,02-01-2024 20:25,17.0658,120.1791,56.385,Philippines,https://earthquake.usgs.gov/earthquakes/eventpage/us6000m3az
us6000m18z,"M 5.0 - 27 km WSW of Calongbuyan, Philippines",5.0,2024-01-02 19:59:31.888,02-01-2024 19:59,17.1111,120.1731,47.706,Philippines,https://earthquake.usgs.gov/earthquakes/eventpage/us6000m18z
us6000m18t,M 4.9 - central Mid-Atlantic Ridge,4.9,2024-01-02 19:33:25.185,02-01-2024 19:33,2.6339,-31.0085,10.0,central Mid-Atlantic Ridge,https://earthquake.usgs.gov/earthquakes/eventpage/us6000m18t
us6000m18n,"M 4.3 - 16 km S of Ashkāsham, Afghanistan",4.3,2024-01-02 19:26:00.969,02-01-2024 19:26,36.5332,71.5341,101.737,Afghanistan,https://earthquake.usgs.gov/earthquakes/eventpage/us6000m18n
us6000m3b0,"M 4.3 - 153 km ENE of Neiafu, Tonga",4.3,2024-01-02 18:27:35.200,02-01-2024 18:27,-18.0686,-172.6614,10.0,Tonga,https://earthquake.usgs.gov/earthquakes/eventpage/us6000m3b0
us6000m3av,M 4.0 - south of Tonga,4.0,2024-01-02 17:37:59.383,02-01-2024 17:37,-26.1134,-175.8191,10.0,south of Tonga,https://earthquake.usgs.gov/earthquakes/eventpage/us6000m3av
us6000m182,"M 4.2 - 46 km NE of Anamizu, Japan",4.2,2024-01-02 17:30:30.773,02-01-2024 17:30,37.4779,137.3268,10.0,Japan,https://earthquake.usgs.gov/earthquakes/eventpage/us6000m182
us6000m17v,"M 4.8 - 46 km NE of Anamizu, Japan",4.8,2024-01-02 17:21:47.368,02-01-2024 17:21,37.4797,137.3192,10.0,Japan,https://earthquake.usgs.gov/earthquakes/eventpage/us6000m17v
us6000m3au,M 4.3 - south of the Fiji Islands,4.3,2024-01-02 14:55:24.160,02-01-2024 14:55,-23.674,-179.6601,519.465,south of the Fiji Islands,https://earthquake.usgs.gov/earthquakes/eventpage/us6000m3au
us6000m16b,"M 4.6 - 47 km WNW of San Antonio de los Cobres, Argentina",4.6,2024-01-02 14:33:33.263,02-01-2024 14:33,-24.0309,-66.7435,188.353,Argentina,https://earthquake.usgs.gov/earthquakes/eventpage/us6000m16b
us6000m3ax,M 4.4 - South Shetland Islands,4.4,2024-01-02 13:47:31.288,02-01-2024 13:47,-61.268,-56.0977,10.0,South Shetland Islands,https://earthquake.usgs.gov/earthquakes/eventpage/us6000m3ax
us6000m3ar,M 4.6 - South Sandwich Islands region,4.6,2024-01-02 12:39:39.170,02-01-2024 12:39,-59.4451,-25.4691,23.865,South Sandwich Islands region,https://earthquake.usgs.gov/earthquakes/eventpage/us6000m3ar
us6000m160,"M 4.4 - 15 km ENE of Anamizu, Japan",4.4,2024-01-02 12:13:20.318,02-01-2024 12:13,37.267,137.0659,10.0,Japan,https://earthquake.usgs.gov/earthquakes/eventpage/us6000m160
us6000m3aq,"M 4.5 - 224 km NE of Hicks Bay, New Zealand",4.5,2024-01-02 11:24:06.417,02-01-2024 11:24,-36.3515,-179.7098,10.0,New Zealand,https://earthquake.usgs.gov/earthquakes/eventpage/us6000m3aq
us6000m3an,"M 4.4 - 75 km NE of Anamizu, Japan",4.4,2024-01-02 09:50:20.248,02-01-2024 09:50,37.6834,137.5358,10.0,Japan,https://earthquake.usgs.gov/earthquakes/eventpage/us6000m3an
us6000m3al,M 4.1 - south of the Fiji Islands,4.1,2024-01-02 09:41:34.336,02-01-2024 09:41,-24.302,-179.4718,470.098,south of the Fiji Islands,https://earthquake.usgs.gov/earthquakes/eventpage/us6000m3al
us6000m142,"M 4.4 - 39 km NE of Anamizu, Japan",4.4,2024-01-02 09:29:35.927,02-01-2024 09:29,37.4619,137.2443,10.0,Japan,https://earthquake.usgs.gov/earthquakes/eventpage/us6000m142
us6000m13z,"M 4.4 - 43 km WNW of Tarama, Japan",4.4,2024-01-02 09:20:22.619,02-01-2024 09:20,24.8206,124.3056,76.114,Japan,https://earthquake.usgs.gov/earthquakes/eventpage/us6000m13z
us6000m13v,"M 4.3 - 101 km ESE of Copiapó, Chile",4.3,2024-01-02 09:09:36.008,02-01-2024 09:09,-27.6184,-69.3397,113.199,Chile,https://earthquake.usgs.gov/earthquakes/eventpage/us6000m13v
us6000m13s,"M 4.3 - 62 km N of Itoigawa, Japan",4.3,2024-01-02 08:52:02.323,02-01-2024 08:52,37.5934,137.7365,10.0,Japan,https://earthquake.usgs.gov/earthquakes/eventpage/us6000m13s
us6000m13r,"M 4.3 - 23 km W of Ambrolauri, Georgia",4.3,2024-01-02 08:44:46.847,02-01-2024 08:44,42.5415,42.878,10.0,Georgia,https://earthquake.usgs.gov/earthquakes/eventpage/us6000m13r
us6000m13q,"M 4.6 - 19 km SW of Anamizu, Japan",4.6,2024-01-02 08:13:40.884,02-01-2024 08:13,37.1175,136.7367,7.453,Japan,https://earthquake.usgs.gov/earthquakes/eventpage/us6000m13q
us6000m13n,"M 4.3 - 26 km N of Ifrane, Morocco",4.3,2024-01-02 07:37:51.116,02-01-2024 07:37,31.9412,-6.4003,10.0,Morocco,https://earthquake.usgs.gov/earthquakes/eventpage/us6000m13n
us6000m13h,"M 4.8 - 11 km WSW of Anamizu, Japan",4.8,2024-01-02 06:57:54.621,02-01-2024 06:57,37.1828,136.7831,10.0,Japan,https://earthquake.usgs.gov/earthquakes/eventpage/us6000m13h
us6000m13m,"M 4.3 - 188 km NW of Lautoka, Fiji",4.3,2024-01-02 06:41:45.059,02-01-2024 06:41,-16.6564,175.9819,10.0,Fiji,https://earthquake.usgs.gov/earthquakes/eventpage/us6000m13m
us6000m13d,"M 4.4 - 67 km WSW of Sado, Japan",4.4,2024-01-02 06:02:36.444,02-01-2024 06:02,37.7961,137.6442,8.149,Japan,https://earthquake.usgs.gov/earthquakes/eventpage/us6000m13d
us6000m3ap,"M 4.5 - Izu Islands, Japan region",4.5,2024-01-02 05:55:54.060,02-01-2024 05:55,32.3606,141.667,10.0,Japan region,https://earthquake.usgs.gov/earthquakes/eventpage/us6000m3ap
us6000m3ae,M 4.3 - Kermadec Islands region,4.3,2024-01-02 05:30:16.168,02-01-2024 05:30,-31.4952,-177.8599,10.0,Kermadec Islands region,https://earthquake.usgs.gov/earthquakes/eventpage/us6000m3ae
us6000m12z,"M 4.5 - 199 km SW of Kalemie, Democratic Republic of the Congo",4.5,2024-01-02 04:50:13.581,02-01-2024 04:50,-7.4185,28.1431,10.0,Democratic Republic of the Congo,https://earthquake.usgs.gov/earthquakes/eventpage/us6000m12z
us6000m12y,"M 4.9 - 17 km ENE of Kupang, Indonesia",4.9,2024-01-02 04:46:28.776,02-01-2024 04:46,-10.1167,123.7618,35.0,Indonesia,https://earthquake.usgs.gov/earthquakes/eventpage/us6000m12y
us6000m3ad,M 4.2 - South Sandwich Islands region,4.2,2024-01-02 04:33:59.064,02-01-2024 04:33,-58.2027,-27.189,216.608,South Sandwich Islands region,https://earthquake.usgs.gov/earthquakes/eventpage/us6000m3ad
us6000m12r,"M 4.1 - 58 km W of Masachapa, Nicaragua",4.1,2024-01-02 03:14:16.601,02-01-2024 03:14,11.7458,-87.0458,35.0,Nicaragua,https://earthquake.usgs.gov/earthquakes/eventpage/us6000m12r
us6000m12p,"M 4.6 - 99 km E of Aras-asan, Philippines",4.6,2024-01-02 02:49:31.315,02-01-2024 02:49,8.8429,127.2178,10.0,Philippines,https://earthquake.usgs.gov/earthquakes/eventpage/us6000m12p
us6000m3ac,"M 4.3 - 171 km ENE of Levuka, Fiji",4.3,2024-01-02 02:26:06.443,02-01-2024 02:26,-17.5765,-179.1513,605.492,Fiji,https://earthquake.usgs.gov/earthquakes/eventpage/us6000m3ac
us6000m12f,"M 5.4 - 11 km W of Anamizu, Japan",5.4,2024-01-02 01:17:31.568,02-01-2024 01:17,37.247,136.7689,6.0,Japan,https://earthquake.usgs.gov/earthquakes/eventpage/us6000m12f
us6000m3ab,"M 4.5 - 120 km S of Lakatoro, Vanuatu",4.5,2024-01-02 01:08:15.552,02-01-2024 01:08,-17.1743,167.2247,10.0,Vanuatu,https://earthquake.usgs.gov/earthquakes/eventpage/us6000m3ab
us6000m128,"M 4.4 - 36 km NE of Anamizu, Japan",4.4,2024-01-02 00:14:23.837,02-01-2024 00:14,37.4192,137.2441,10.0,Japan,https://earthquake.usgs.gov/earthquakes/eventpage/us6000m128
us6000m129,"M 4.1 - 24 km N of Anamizu, Japan",4.1,2024-01-02 00:01:34.148,02-01-2024 00:01,37.4545,136.9426,8.671,Japan,https://earthquake.usgs.gov/earthquakes/eventpage/us6000m129
us6000m120,M 4.7 - Banda Sea,4.7,2024-01-01 23:10:34.990,01-01-2024 23:10,-6.9605,129.8294,134.512,Banda Sea,https://earthquake.usgs.gov/earthquakes/eventpage/us6000m120
us6000m11t,"M 4.3 - 28 km NE of Anamizu, Japan",4.3,2024-01-01 22:27:01.373,01-01-2024 22:27,37.4319,137.1121,10.0,Japan,https://earthquake.usgs.gov/earthquakes/eventpage/us6000m11t
us6000m11s,"M 4.5 - 12 km NNE of Anamizu, Japan",4.5,2024-01-01 22:13:30.239,01-01-2024 22:13,37.3362,136.9617,15.301,Japan,https://earthquake.usgs.gov/earthquakes/eventpage/us6000m11s
us6000m353,"M 4.0 - 28 km NE of Anamizu, Japan",4.0,2024-01-01 21:47:54.141,01-01-2024 21:47,37.3845,137.1529,7.958,Japan,https://earthquake.usgs.gov/earthquakes/eventpage/us6000m353
us6000m11n,"M 4.5 - 65 km ESE of Tuensang, India",4.5,2024-01-01 21:45:52.330,01-01-2024 21:45,26.0489,95.4358,82.85,India,https://earthquake.usgs.gov/earthquakes/eventpage/us6000m11n
us6000m352,"M 4.1 - Maug Islands region, Northern Mariana Islands",4.1,2024-01-01 21:34:19.009,01-01-2024 21:34,19.1752,145.3811,198.549,Northern Mariana Islands,https://earthquake.usgs.gov/earthquakes/eventpage/us6000m352
us6000m118,"M 4.0 - 35 km SE of Akutan, Alaska",4.0,2024-01-01 20:06:51.612,01-01-2024 20:06,53.9358,-165.3445,65.491,Alaska,https://earthquake.usgs.gov/earthquakes/eventpage/us6000m118
us6000m113,"M 4.6 - 18 km W of Anamizu, Japan",4.6,2024-01-01 19:42:06.006,01-01-2024 19:42,37.2247,136.6924,10.0,Japan,https://earthquake.usgs.gov/earthquakes/eventpage/us6000m113
us6000m110,"M 4.5 - 24 km NW of Hakui, Japan",4.5,2024-01-01 19:27:14.289,01-01-2024 19:27,37.0652,136.6184,10.0,Japan,https://earthquake.usgs.gov/earthquakes/eventpage/us6000m110
us6000m10t,"M 4.0 - 78 km SW of Yonakuni, Japan",4.0,2024-01-01 18:59:15.651,01-01-2024 18:59,23.9953,122.4283,27.415,Japan,https://earthquake.usgs.gov/earthquakes/eventpage/us6000m10t
us6000m10q,"M 4.4 - 16 km SW of Anamizu, Japan",4.4,2024-01-01 18:29:38.901,01-01-2024 18:29,37.121,136.7825,10.0,Japan,https://earthquake.usgs.gov/earthquakes/eventpage/us6000m10q
us6000m34w,"M 4.4 - 115 km N of Hihifo, Tonga",4.4,2024-01-01 18:24:00.629,01-01-2024 18:24,-14.9334,-173.5891,10.0,Tonga,https://earthquake.usgs.gov/earthquakes/eventpage/us6000m34w
us6000m10k,"M 4.2 - 5 km WSW of Anamizu, Japan",4.2,2024-01-01 17:52:10.023,01-01-2024 17:52,37.211,136.851,10.0,Japan,https://earthquake.usgs.gov/earthquakes/eventpage/us6000m10k
us6000m10e,"M 4.6 - 63 km NE of Anamizu, Japan",4.6,2024-01-01 17:33:30.185,01-01-2024 17:33,37.5711,137.4761,10.0,Japan,https://earthquake.usgs.gov/earthquakes/eventpage/us6000m10e
ci40453591,"M 4.1 - 18 km S of Rancho Palos Verdes, CA",4.06,2024-01-01 16:27:32.250,01-01-2024 16:27,33.5798333,-118.3703333,11.44,CA,https://earthquake.usgs.gov/earthquakes/eventpage/ci40453591
us6000m10a,"M 4.1 - 62 km NNW of Itoigawa, Japan",4.1,2024-01-01 16:10:09.255,01-01-2024 16:10,37.584,137.7114,10.0,Japan,https://earthquake.usgs.gov/earthquakes/eventpage/us6000m10a
us6000m101,"M 4.4 - 52 km ENE of Anamizu, Japan",4.4,2024-01-01 15:08:36.228,01-01-2024 15:08,37.4953,137.3899,10.0,Japan,https://earthquake.usgs.gov/earthquakes/eventpage/us6000m101
us6000m34q,"M 4.2 - 218 km ESE of Sarangani, Philippines",4.2,2024-01-01 14:52:07.932,01-01-2024 14:52,4.7027,127.3061,53.468,Philippines,https://earthquake.usgs.gov/earthquakes/eventpage/us6000m34q
us6000m0zr,"M 4.4 - 53 km ENE of Anamizu, Japan",4.4,2024-01-01 14:19:28.904,01-01-2024 14:19,37.4903,137.4129,10.0,Japan,https://earthquake.usgs.gov/earthquakes/eventpage/us6000m0zr
us6000m34m,M 4.7 - Southwest Indian Ridge,4.7,2024-01-01 14:10:18.232,01-01-2024 14:10,-28.3121,62.8497,10.0,Southwest Indian Ridge,https://earthquake.usgs.gov/earthquakes/eventpage/us6000m34m
us6000m0zl,"M 4.1 - 77 km WSW of Sado, Japan",4.1,2024-01-01 14:03:47.337,01-01-2024 14:03,37.7315,137.5602,10.0,Japan,https://earthquake.usgs.gov/earthquakes/eventpage/us6000m0zl
us6000m34l,"M 4.6 - 19 km W of Port-Olry, Vanuatu",4.6,2024-01-01 13:48:43.860,01-01-2024 13:48,-15.0526,166.8954,35.0,Vanuatu,https://earthquake.usgs.gov/earthquakes/eventpage/us6000m34l
us6000m0zk,"M 4.5 - 25 km NE of Lembang, Indonesia",4.5,2024-01-01 13:46:45.922,01-01-2024 13:46,-6.6246,107.7514,10.0,Indonesia,https://earthquake.usgs.gov/earthquakes/eventpage/us6000m0zk
us6000m0zf,"M 4.5 - 26 km NE of Anamizu, Japan",4.5,2024-01-01 13:10:57.324,01-01-2024 13:10,37.3826,137.1399,10.0,Japan,https://earthquake.usgs.gov/earthquakes/eventpage/us6000m0zf
us6000m34j,"M 4.3 - 6 km NE of Anamizu, Japan",4.3,2024-01-01 13:02:59.990,01-01-2024 13:02,37.2699,136.9525,10.0,Japan,https://earthquake.usgs.gov/earthquakes/eventpage/us6000m34j
us6000m0zj,"M 4.3 - 24 km WSW of Anamizu, Japan",4.3,2024-01-01 12:54:28.885,01-01-2024 12:54,37.1278,136.6582,10.0,Japan,https://earthquake.usgs.gov/earthquakes/eventpage/us6000m0zj
us6000m0z9,"M 4.4 - 66 km NNW of Itoigawa, Japan",4.4,2024-01-01 12:48:31.795,01-01-2024 12:48,37.618,137.6781,10.0,Japan,https://earthquake.usgs.gov/earthquakes/eventpage/us6000m0z9
us6000m0z5,"M 4.2 - 50 km NE of Anamizu, Japan",4.2,2024-01-01 12:20:46.592,01-01-2024 12:20,37.4904,137.373,10.0,Japan,https://earthquake.usgs.gov/earthquakes/eventpage/us6000m0z5
us6000m0z3,"M 4.6 - 19 km WSW of Anamizu, Japan",4.6,2024-01-01 11:35:32.459,01-01-2024 11:35,37.1664,136.6946,10.0,Japan,https://earthquake.usgs.gov/earthquakes/eventpage/us6000m0z3
us6000m34a,"M 4.3 - 10 km NE of Anamizu, Japan",4.3,2024-01-01 11:34:20.527,01-01-2024 11:34,37.3111,136.9721,6.867,Japan,https://earthquake.usgs.gov/earthquakes/eventpage/us6000m34a
us6000m0yy,"M 4.1 - 71 km NE of Anamizu, Japan",4.1,2024-01-01 11:21:26.376,01-01-2024 11:21,37.6531,137.5146,10.0,Japan,https://earthquake.usgs.gov/earthquakes/eventpage/us6000m0yy
us6000m0yw,"M 4.7 - 48 km NE of Anamizu, Japan",4.7,2024-01-01 10:50:35.645,01-01-2024 10:50,37.5375,137.2865,10.0,Japan,https://earthquake.usgs.gov/earthquakes/eventpage/us6000m0yw
us6000m346,"M 4.2 - 35 km NE of Anamizu, Japan",4.2,2024-01-01 10:27:58.814,01-01-2024 10:27,37.45,137.1951,10.0,Japan,https://earthquake.usgs.gov/earthquakes/eventpage/us6000m346
us6000m0yr,"M 4.6 - 64 km WSW of Sado, Japan",4.6,2024-01-01 10:06:54.649,01-01-2024 10:06,37.8468,137.6625,10.0,Japan,https://earthquake.usgs.gov/earthquakes/eventpage/us6000m0yr
us6000m343,"M 4.3 - 19 km NNE of Anamizu, Japan",4.3,2024-01-01 09:56:12.530,01-01-2024 09:56,37.3871,136.9994,10.0,Japan,https://earthquake.usgs.gov/earthquakes/eventpage/us6000m343
us6000m0yh,"M 4.6 - 54 km NE of Anamizu, Japan",4.6,2024-01-01 09:49:15.275,01-01-2024 09:49,37.5516,137.3728,10.0,Japan,https://earthquake.usgs.gov/earthquakes/eventpage/us6000m0yh
us6000m0yg,"M 5.1 - 73 km WSW of Sado, Japan",5.1,2024-01-01 09:45:26.217,01-01-2024 09:45,37.8107,137.5664,10.0,Japan,https://earthquake.usgs.gov/earthquakes/eventpage/us6000m0yg
us6000m0yf,"M 5.0 - 23 km WSW of Anamizu, Japan",5.0,2024-01-01 09:39:59.811,01-01-2024 09:39,37.1479,136.6562,10.0,Japan,https://earthquake.usgs.gov/earthquakes/eventpage/us6000m0yf
us6000m0ye,"M 5.2 - 50 km NE of Anamizu, Japan",5.2,2024-01-01 09:30:21.401,01-01-2024 09:30,37.4998,137.3585,10.0,Japan,https://earthquake.usgs.gov/earthquakes/eventpage/us6000m0ye
us6000m345,"M 4.1 - 51 km NE of Anamizu, Japan",4.1,2024-01-01 09:25:26.703,01-01-2024 09:25,37.553,137.3241,10.092,Japan,https://earthquake.usgs.gov/earthquakes/eventpage/us6000m345
us6000m0yc,"M 4.4 - 49 km NE of Anamizu, Japan",4.4,2024-01-01 09:23:07.666,01-01-2024 09:23,37.52,137.3328,10.0,Japan,https://earthquake.usgs.gov/earthquakes/eventpage/us6000m0yc
us6000m342,"M 4.2 - 44 km ENE of Anamizu, Japan",4.2,2024-01-01 09:14:15.490,01-01-2024 09:14,37.4507,137.3198,9.917,Japan,https://earthquake.usgs.gov/earthquakes/eventpage/us6000m342
us6000m0ya,"M 5.6 - 54 km NE of Anamizu, Japan",5.6,2024-01-01 09:08:17.603,01-01-2024 09:08,37.5146,137.4029,10.0,Japan,https://earthquake.usgs.gov/earthquakes/eventpage/us6000m0ya
us6000m35b,"M 4.6 - 55 km ENE of Anamizu, Japan",4.6,2024-01-01 09:06:13.801,01-01-2024 09:06,37.4672,137.4557,10.0,Japan,https://earthquake.usgs.gov/earthquakes/eventpage/us6000m35b
us6000m0y9,"M 5.5 - 56 km NE of Anamizu, Japan",5.5,2024-01-01 09:03:48.859,01-01-2024 09:03,37.5339,137.4185,10.0,Japan,https://earthquake.usgs.gov/earthquakes/eventpage/us6000m0y9
us6000m34d,"M 4.1 - 39 km NNW of Itoigawa, Japan",4.1,2024-01-01 09:00:19.571,01-01-2024 09:00,37.3695,137.7118,10.0,Japan,https://earthquake.usgs.gov/earthquakes/eventpage/us6000m34d
us6000m0y4,"M 4.5 - 103 km SSW of Puerto El Triunfo, El Salvador",4.5,2024-01-01 08:54:02.503,01-01-2024 08:54,12.4653,-89.0159,35.0,El Salvador,https://earthquake.usgs.gov/earthquakes/eventpage/us6000m0y4
us6000m0y7,"M 4.5 - 72 km WSW of Sado, Japan",4.5,2024-01-01 08:48:21.162,01-01-2024 08:48,37.8651,137.5542,10.0,Japan,https://earthquake.usgs.gov/earthquakes/eventpage/us6000m0y7
us6000m341,"M 4.6 - 71 km NNW of Itoigawa, Japan",4.6,2024-01-01 08:42:04.871,01-01-2024 08:42,37.6483,137.6044,10.0,Japan,https://earthquake.usgs.gov/earthquakes/eventpage/us6000m341
us6000m0y0,"M 4.2 - 103 km W of San Antonio de los Cobres, Argentina",4.2,2024-01-01 08:30:25.784,01-01-2024 08:30,-24.2794,-67.3309,208.301,Argentina,https://earthquake.usgs.gov/earthquakes/eventpage/us6000m0y0
us6000m0y1,"M 4.7 - 66 km NNW of Itoigawa, Japan",4.7,2024-01-01 08:29:02.262,01-01-2024 08:29,37.5787,137.5274,10.0,Japan,https://earthquake.usgs.gov/earthquakes/eventpage/us6000m0y1
us6000m0xy,"M 4.9 - 38 km NE of Anamizu, Japan",4.9,2024-01-01 08:22:10.846,01-01-2024 08:22,37.4631,137.2239,10.0,Japan,https://earthquake.usgs.gov/earthquakes/eventpage/us6000m0xy
us6000m34k,"M 4.3 - 64 km NNW of Itoigawa, Japan",4.3,2024-01-01 08:20:34.572,01-01-2024 08:20,37.5869,137.6196,10.682,Japan,https://earthquake.usgs.gov/earthquakes/eventpage/us6000m34k
us6000m0xx,"M 4.8 - 39 km NE of Anamizu, Japan",4.8,2024-01-01 08:17:46.634,01-01-2024 08:17,37.5012,137.2009,10.0,Japan,https://earthquake.usgs.gov/earthquakes/eventpage/us6000m0xx
us6000m33y,"M 4.5 - 53 km NE of Anamizu, Japan",4.5,2024-01-01 08:15:38.177,01-01-2024 08:15,37.5918,137.3097,9.216,Japan,https://earthquake.usgs.gov/earthquakes/eventpage/us6000m33y
us6000m33z,"M 4.3 - 53 km WSW of Sado, Japan",4.3,2024-01-01 08:10:47.718,01-01-2024 08:10,37.85,137.7868,6.199,Japan,https://earthquake.usgs.gov/earthquakes/eventpage/us6000m33z
us6000m0xw,"M 5.1 - 26 km WSW of Anamizu, Japan",5.1,2024-01-01 08:07:10.627,01-01-2024 08:07,37.1718,136.6149,10.0,Japan,https://earthquake.usgs.gov/earthquakes/eventpage/us6000m0xw
us6000m0xu,"M 5.0 - 56 km NE of Anamizu, Japan",5.0,2024-01-01 08:02:44.840,01-01-2024 08:02,37.5444,137.401,10.0,Japan,https://earthquake.usgs.gov/earthquakes/eventpage/us6000m0xu
us6000m33s,"M 4.5 - Maug Islands region, Northern Mariana Islands",4.5,2024-01-01 08:02:01.200,01-01-2024 08:02,20.6354,145.0047,10.0,Northern Mariana Islands,https://earthquake.usgs.gov/earthquakes/eventpage/us6000m33s
us6000m0xt,"M 5.6 - 7 km N of Anamizu, Japan",5.6,2024-01-01 07:56:47.661,01-01-2024 07:56,37.2997,136.8875,10.0,Japan,https://earthquake.usgs.gov/earthquakes/eventpage/us6000m0xt
us6000m33x,"M 4.4 - 44 km NNW of Itoigawa, Japan",4.4,2024-01-01 07:56:18.757,01-01-2024 07:56,37.4132,137.708,10.0,Japan,https://earthquake.usgs.gov/earthquakes/eventpage/us6000m33x
us6000m33m,"M 4.7 - 70 km NNW of Itoigawa, Japan",4.7,2024-01-01 07:54:21.406,01-01-2024 07:54,37.6242,137.5518,8.243,Japan,https://earthquake.usgs.gov/earthquakes/eventpage/us6000m33m
us6000m33w,"M 4.3 - 61 km SW of Sado, Japan",4.3,2024-01-01 07:53:28.520,01-01-2024 07:53,37.6769,137.8121,8.826,Japan,https://earthquake.usgs.gov/earthquakes/eventpage/us6000m33w
us6000m0xq,"M 5.3 - 94 km SE of Gorontalo, Indonesia",5.3,2024-01-01 07:52:43.251,01-01-2024 07:52,-0.1092,123.6177,81.212,Indonesia,https://earthquake.usgs.gov/earthquakes/eventpage/us6000m0xq
us6000m0xp,"M 4.8 - 7 km NW of Anamizu, Japan",4.8,2024-01-01 07:48:14.335,01-01-2024 07:48,37.2779,136.8374,10.0,Japan,https://earthquake.usgs.gov/earthquakes/eventpage/us6000m0xp
us6000m33u,"M 4.7 - 59 km WSW of Sado, Japan",4.7,2024-01-01 07:45:30.869,01-01-2024 07:45,37.7823,137.7515,4.785,Japan,https://earthquake.usgs.gov/earthquakes/eventpage/us6000m33u
us6000m33v,"M 4.8 - 40 km NE of Anamizu, Japan",4.8,2024-01-01 07:42:43.430,01-01-2024 07:42,37.4693,137.2483,9.896,Japan,https://earthquake.usgs.gov/earthquakes/eventpage/us6000m33v
us6000m0xn,"M 5.2 - 56 km ENE of Anamizu, Japan",5.2,2024-01-01 07:39:49.268,01-01-2024 07:39,37.4861,137.4519,10.0,Japan,https://earthquake.usgs.gov/earthquakes/eventpage/us6000m0xn
us6000m33p,"M 4.3 - 65 km N of Itoigawa, Japan",4.3,2024-01-01 07:35:45.071,01-01-2024 07:35,37.6244,137.7775,11.282,Japan,https://earthquake.usgs.gov/earthquakes/eventpage/us6000m33p
us6000m34f,"M 4.4 - 23 km NE of Anamizu, Japan",4.4,2024-01-01 07:32:43.786,01-01-2024 07:32,37.3707,137.0978,13.909,Japan,https://earthquake.usgs.gov/earthquakes/eventpage/us6000m34f
us6000m33n,"M 4.2 - 68 km NNW of Itoigawa, Japan",4.2,2024-01-01 07:32:19.623,01-01-2024 07:32,37.6053,137.573,10.0,Japan,https://earthquake.usgs.gov/earthquakes/eventpage/us6000m33n
us6000m34h,"M 4.7 - 41 km NE of Anamizu, Japan",4.7,2024-01-01 07:29:04.242,01-01-2024 07:29,37.4638,137.2642,10.997,Japan,https://earthquake.usgs.gov/earthquakes/eventpage/us6000m34h
us6000m33l,"M 4.6 - 15 km NNW of Anamizu, Japan",4.6,2024-01-01 07:28:15.144,01-01-2024 07:28,37.3496,136.8046,10.0,Japan,https://earthquake.usgs.gov/earthquakes/eventpage/us6000m33l
us6000m33q,"M 4.2 - 93 km NNE of Shikotan, Russia",4.2,2024-01-01 07:27:36.058,01-01-2024 07:27,44.6082,147.0332,166.808,Russia,https://earthquake.usgs.gov/earthquakes/eventpage/us6000m33q
us6000m34g,"M 4.6 - 33 km ENE of Anamizu, Japan",4.6,2024-01-01 07:27:28.747,01-01-2024 07:27,37.3802,137.2254,10.0,Japan,https://earthquake.usgs.gov/earthquakes/eventpage/us6000m34g
us6000m0xm,"M 6.2 - 8 km SW of Anamizu, Japan",6.2,2024-01-01 07:18:41.584,01-01-2024 07:18,37.1895,136.8272,10.0,Japan,https://earthquake.usgs.gov/earthquakes/eventpage/us6000m0xm
us6000m0xl,"M 7.5 - 2024 Noto Peninsula, Japan Earthquake",7.5,2024-01-01 07:10:09.476,01-01-2024 07:10,37.4874,137.271,10.0,Japan Earthquake,https://earthquake.usgs.gov/earthquakes/eventpage/us6000m0xl
us6000m0xj,"M 5.8 - 42 km NE of Anamizu, Japan",5.8,2024-01-01 07:06:05.477,01-01-2024 07:06,37.4933,137.2491,10.0,Japan,https://earthquake.usgs.gov/earthquakes/eventpage/us6000m0xj
us6000m0x9,"M 4.7 - 70 km NE of Pototano, Indonesia",4.7,2024-01-01 05:22:53.884,01-01-2024 05:22,-7.8936,117.8591,10.0,Indonesia,https://earthquake.usgs.gov/earthquakes/eventpage/us6000m0x9
us6000m0x8,M 4.5 - south of the Fiji Islands,4.5,2024-01-01 05:19:00.363,01-01-2024 05:19,-23.3645,-179.8743,540.187,south of the Fiji Islands,https://earthquake.usgs.gov/earthquakes/eventpage/us6000m0x8
us6000m33r,"M 4.4 - 44 km E of Port-Olry, Vanuatu",4.4,2024-01-01 05:08:43.543,01-01-2024 05:08,-15.0626,167.4895,121.933,Vanuatu,https://earthquake.usgs.gov/earthquakes/eventpage/us6000m33r
us6000m0x6,"M 4.5 - 139 km SE of Kuril’sk, Russia",4.5,2024-01-01 04:49:01.244,01-01-2024 04:49,44.4338,149.243,35.0,Russia,https://earthquake.usgs.gov/earthquakes/eventpage/us6000m0x6
us6000m33k,"M 4.1 - 128 km E of Aras-asan, Philippines",4.1,2024-01-01 03:58:30.343,01-01-2024 03:58,8.9147,127.4797,10.0,Philippines,https://earthquake.usgs.gov/earthquakes/eventpage/us6000m33k
us6000m0wp,"M 4.4 - 97 km SSW of Puerto El Triunfo, El Salvador",4.4,2024-01-01 03:26:18.904,01-01-2024 03:26,12.4954,-88.9548,35.0,El Salvador,https://earthquake.usgs.gov/earthquakes/eventpage/us6000m0wp
us6000m0wm,"M 4.5 - 245 km S of Longyearbyen, Svalbard and Jan Mayen",4.5,2024-01-01 03:04:00.096,01-01-2024 03:04,76.065,17.4987,10.0,Svalbard and Jan Mayen,https://earthquake.usgs.gov/earthquakes/eventpage/us6000m0wm
us6000m356,"M 4.2 - Kepulauan Babar, Indonesia",4.2,2024-01-01 02:50:02.503,01-01-2024 02:50,-7.2109,129.5277,87.814,Indonesia,https://earthquake.usgs.gov/earthquakes/eventpage/us6000m356
us6000m0wg,"M 4.4 - 45 km W of Ollagüe, Chile",4.4,2024-01-01 02:13:25.098,01-01-2024 02:13,-21.2187,-68.6888,117.22,Chile,https://earthquake.usgs.gov/earthquakes/eventpage/us6000m0wg
us6000m0wc,M 4.6 - south of the Fiji Islands,4.6,2024-01-01 01:43:14.869,01-01-2024 01:43,-24.412,179.8704,513.317,south of the Fiji Islands,https://earthquake.usgs.gov/earthquakes/eventpage/us6000m0wc
us6000m0wa,"M 4.3 - 7 km NNW of Taltal, Chile",4.3,2024-01-01 01:05:25.000,01-01-2024 01:05,-25.3436,-70.5175,35.0,Chile,https://earthquake.usgs.gov/earthquakes/eventpage/us6000m0wa
us6000m0wb,"M 4.1 - 4 km SSW of Cianjur, Indonesia",4.1,2024-01-01 00:59:19.656,01-01-2024 00:59,-6.8599,107.1224,178.051,Indonesia,https://earthquake.usgs.gov/earthquakes/eventpage/us6000m0wb
us6000m357,M 4.4 - South Sandwich Islands region,4.4,2024-01-01 00:54:44.947,01-01-2024 00:54,-57.3045,-25.8967,55.881,South Sandwich Islands region,https://earthquake.usgs.gov/earthquakes/eventpage/us6000m357
us6000m0w6,"M 4.7 - 272 km N of Saipan, Northern Mariana Islands",4.7,2024-01-01 00:37:09.096,01-01-2024 00:37,17.6625,145.4596,384.941,Northern Mariana Islands,https://earthquake.usgs.gov/earthquakes/eventpage/us6000m0w6
